"","objetivo","p05","p06","p09_1","p10_1","estatura","p21","p23","p24","p28","p38_11","p43","p38m_11","p43m","p60","p61","p64","p86","p87","p98","p122","p131","p132","p142","p143","p144","p151","region","escolaridadh","indigena"
"1",1,37,1,4,4,165,75,14,2,4,57,2,61,2,10,2,15,60,6,15,2,0,2,21.55405,2.6724489,22.825521,4,3,6,0
"2",2,54,1,8,8,170,82,19,1,2,71.321976,2,72,2,3,3,12,50,12,12,2,1,2,17,3,18,8,1,2,0
"3",8,36,2,7,8,165,66,9,1,5,59,6,58,2,1,1,19,40,12,19,5,0,2,21.55405,2.6724489,22.825521,8,4,12,0
"4",6,38,1,5,4,175,89,26,5,3,78,3,60,2,7,3,16,48,17,16,3,1,1,18,2,28,4,1,9,1
"5",2,31,2,1,1,154,70,20,1,2,55,11,55,6,4,2,18,48,5,25,4,0,1,24,2.6724489,22.825521,5,5,9,1
"6",10,25,2,1,1,160,58,9,1,4,55,11,50,7,2,2,23,40,2,23,5,1,4,21.55405,2.6724489,22.825521,8,4,17,0
"7",9,42,1,1,1,173,84,3,5,6,61,4,59,2,7,4,24,10,6,11,4,1,5,20,2,18,8,2,15,0
"8",9,42,2,8,8,160,56,15,2,4,65,6,61,4,3,1,18,50,3,24,5,0,2,19,2,19,8,4,12,0
"9",4,25,2,1,1,155,48,8,5,5,48,2,45,2,4,4,15,30,5,20,5,0,2,18,1,18,8,1,9,0
"10",3,28,2,1,1,156,57,15,4,5,50,4,48,4,3,1,16.588694,60,4,24,5,0,1,21.55405,2.6724489,22.825521,8,4,16,0
"11",1,44,1,4,4,175,77,27,5,2,67,2,69,2,4,1,12,60,8,15,2,0,3,20,3,20,8,5,6,0
"12",5,25,1,8,8,160,70,13,3,4,58,4,54,6,2,2,23,40,1,23,4,0,2,21.55405,2.6724489,22.825521,9,4,17,0
"13",10,26,1,1,1,165,50,11,3,5,57,6,54,6,2,1,24,10,2,25,3,1,1,21.55405,2.6724489,22.825521,11,4,18,0
"14",4,60,2,5,8,150,71,14,3,4,88,2,89,2,9,3,8,20,37,14,3,1,1,15,7,15,8,3,1,0
"15",10,62,1,5,4,158,74,20,4,4,83,2,85,7,10,1,19,8,42,23,10,1,3,20,3,31,1,5,15,0
"16",10,36,1,1,1,180,72,8,3,5,65,9,63,9,4,4,16.588694,48,8,25,5,2,2,20,2,20,8,1,16,0
"17",9,34,1,8,8,172,73,32,4,7,75,8,71,2,7,6,21,70,5,21,4,1,2,21,2,22,8,2,14,0
"18",8,25,1,1,1,180,76,15,1,7,51,4,49,6,4,3,16.588694,36,0,14,10,1,3,21.55405,2.6724489,22.825521,8,4,14,0
"19",9,35,1,5,4,170,80,19,5,3,61,2,58,2,4,2,16,48,0,16,3,1,2,22,1,23,6,4,12,0
"20",1,53,1,7,8,165,75,15,4,1,71.321976,2,96,2,11,4,15,70,0,15,1,0,1,27,2,27,4,4,8,0
"21",6,38,1,5,4,175,89,26,5,3,78,3,60,2,7,3,16,48,17,16,3,1,1,18,2,28,4,1,9,1
"22",6,62,1,1,1,160,63,25,5,3,73,2,75,2,5,1,16,42,57,17,4,1,2,17,1,39,7,2,9,0
"23",10,41,1,7,6,155,75,15,3,4,71,4,70,3,5,3,22,60,23,18,4,1,2,21.55405,2.6724489,22.825521,6,4,12,1
"24",3,36,1,1,1,175,80,28,4,2,70,2,67,2,4,1,16.588694,10,22,12,4,1,2,18,2.6724489,22.825521,6,1,6,0
"25",5,53,1,1,1,172,92,30,4,1,76,2,75,2,7,2,12,56,38,15,1,0,1,27,3,28,3,5,6,0
"26",3,45,2,4,8,162,59,13,5,3,73,2,74,2,6,5,39,15,3,14,5,1,2,24,5,17,8,4,9,0
"27",7,34,1,1,1,168,62,15,4,3,64,2,58,2,10,4,16,48,2,16,4,0,1,21.55405,2.6724489,22.825521,8,4,12,0
"28",4,26,2,5,4,170,65,11,2,4,48,2,42,2,2,1,18,3,3,19,2,1,1,18,2,20,8,4,11,0
"29",2,59,1,7,8,173,83,16,4,3,90,9,92,2,4,3,16,40,45,14,4,0,1,23,8,25,7,3,9,0
"30",5,33,1,7,8,172,80,14,3,3,72,2,67,4,5,4,13,60,14,16,1,3,1,21.55405,2.6724489,22.825521,8,3,7,0
"31",6,54,2,1,1,154,72,24,4,5,76,2,64,2,7,1,17,24,3,20,5,0,1,17,4,18,6,3,0,0
"32",10,26,1,8,8,170,65,15,1,3,55,2,53,2,4,4,26,48,2,17,3,0,4,22,2.6724489,22.825521,6,4,11,0
"33",8,32,1,1,1,172,86,9,2,4,52,11,47,4,2,2,17,110,15,10,4,0,1,17,3,18,7,5,9,0
"34",8,56,1,8,8,170,86,10,3,3,76,2,70,2,7,4,15,50,7,15,5,0,1,20,4,20,7,2,9,0
"35",9,26,1,1,1,176,114,9,4,6,57,2,52,6,2,2,16,48,4,23,4,1,1,19,3,19,8,4,9,0
"36",2,35,2,5,4,171,60,17,5,4,60,2,57,2,5,3,15,51,1,16,4,0,2,18,2,30,8,4,9,0
"37",9,54,1,1,1,185,96,5,3,2,78,2,77,2,6,4,15,52,20,17,6,2,3,22,1,29,6,1,9,0
"38",9,26,1,1,1,176,114,9,4,6,57,2,52,6,2,2,16,48,4,23,4,1,1,19,3,19,8,4,9,0
"39",10,34,1,1,1,169,70,11,3,4,61,6,67.737869,4,2,1,17,10,10,25,3,1,1,34,2.6724489,22.825521,8,4,12,0
"40",9,29,1,1,1,172,85,5,3,3,62,10,62,11,2,2,23,94,0,17,2,0,2,21.55405,2.6724489,22.825521,6,1,15,0
"41",7,30,1,1,1,172,65,18,4,2,54,4,47,4,3,1,18,60,17,16,7,0,2,21.55405,1,27,5,2,12,0
"42",10,43,1,7,8,167,73,9,5,4,75,11,62,6,2,1,24,50,9,21,7,1,2,27,2,31,8,5,16,0
"43",6,29,1,8,8,180,90,9,5,5,45,6,45,6,3,1,16.588694,40,8,20,4,0,1,21.55405,2.6724489,22.825521,6,4,12,0
"44",10,46,1,7,6,174,79,3,5,4,73,6,71,6,4,3,25,9,7,18,6,2,2,20,2,28,8,2,17,0
"45",2,31,1,5,1,168,80,12,4,5,66,5,68,6,3,2,18,48,4,18,5,0,1,22,1,26,9,2,12,1
"46",10,30,1,7,1,175,82,15,3,6,60,11,54,6,2,1,23,40,5,25,6,2,3,21.55405,2.6724489,22.825521,10,4,17,0
"47",8,30,1,8,8,182,103,28,4,4,54,6,52,10,2,1,16,72,14,17,4,1,2,20,3,20,8,1,9,0
"48",2,31,1,5,8,170,90,30,5,1,60,2,65,2,5,4,12,8,10,15,3,0,1,17,2.6724489,22.825521,8,5,3,0
"49",10,51,2,1,1,160,84,8,2,5,75,2,74,2,3,1,22,60,19,23,8,3,3,25,2,26,8,1,17,0
"50",9,39,1,2,2,182,80,16,3,4,72,2,76,2,2,1,27,42,11,25,4,1,2,21.55405,2.6724489,22.825521,8,3,17,0
"51",6,32,2,5,1,161,85,28,3,6,62,2,62,7,1,1,25,10,8,12,5,1,2,21,3,21,8,1,16,0
"52",9,27,1,1,1,162,70,27,3,3,52,6,49,4,2,1,15,48,4,17,4,0,1,24,1,25,7,5,9,0
"53",1,36,1,11,8,178,70,27,2,4,67,2,64,2,6,2,18,45,1,12,1,0,1,29,1,35,7,5,12,0
"54",9,45,2,1,1,165,78,9,1,5,74,6,71,6,3,1,19,40,7,22,4,0,2,21,2,24,7,4,12,0
"55",1,32,1,5,8,150,60,30,5,6,65,2,65,2,4,4,17,10,10,18,1,0,1,20,3,23,8,5,9,0
"56",5,45,1,5,4,164,70,15,3,6,95,2,85,2,6,5,16,70,5,19,4,0,2,22,1,23,7,4,9,0
"57",6,54,2,1,1,154,72,24,4,5,76,2,64,2,7,1,17,24,3,20,5,0,1,17,4,18,6,3,0,0
"58",10,34,1,2,2,171,83,9,1,5,74,6,73,4,3,3,24,48,4,17,5,1,2,21.55405,2.6724489,22.825521,7,4,17,0
"59",6,30,1,7,8,170,75,30,5,6,75,2,73,2,8,8,18,84,5,25,4,0,2,21.55405,2.6724489,22.825521,10,4,12,0
"60",4,53,1,9,8,187,95,30,1,3,90,2,84,2,17,5,21,30,11,17,3,1,1,23,1,25,8,5,14,0
"61",3,39,1,5,4,178,85,18,5,3,65,2,62,2,6,4,15,48,29,10,3,1,1,23,1,27,4,2,9,0
"62",2,43,1,7,8,161,81,29,5,5,76,2,67,2,4,2,18,56,28,19,5,1,1,22,2,23,8,4,12,0
"63",6,37,1,1,1,185,84,15,2,3,59,2,65,3,3,2,16,48,10,18,6,0,1,18,1,20,6,2,9,1
"64",9,33,2,5,4,167,71,13,5,5,57,4,59,2,4,2,21,15,0,21,5,1,2,27,1,30,7,4,16,0
"65",5,33,2,8,1,170,60,14,2,4,56,4,56,2,5,1,16,48,0,33,3,0,2,20,3,22,11,3,9,0
"66",3,28,2,1,1,156,57,15,4,5,50,4,48,4,3,1,16.588694,60,4,24,5,0,1,21.55405,2.6724489,22.825521,8,4,16,0
"67",5,26,2,1,1,165,65,8,2,5,50,4,45,4,4,3,18,48,4,21,4,1,2,21,1,21,7,1,11,0
"68",8,35,1,7,1,175,92,14,5,6,60,4,60,4,2,1,22,40,11,16,7,1,2,22,2,23,8,3,16,1
"69",8,60,1,7,8,175,82,14,5,6,82,2,71,2,8,2,15,48,20,14,5,1,1,18,2,19,8,3,7,0
"70",8,50,2,1,1,165,63,1,4,4,78,4,75,2,4,2,16.588694,45,7,18,4,2,2,33,1,23,7,3,12,0
"71",6,48,2,4,4,150,58,21,4,2,85,2,85,2,5,1,7,20,17,30,4,1,4,18,3,19,8,4,2,0
"72",10,35,2,1,1,165,82,9,3,3,55,4,51,7,2,1,15,14,2,17,5,0,2,18,2,21,8,4,9,0
"73",10,36,2,1,1,158,50,24,1,4,66,4,65,4,2,2,25,40,11,25,3,1,2,27,2.6724489,22.825521,9,3,17,0
"74",1,53,2,5,4,148,57,13,5,4,70,2,65,4,6,5,14,2,8,16,4,0,1,18,2,25,6,4,6,0
"75",9,50,2,7,8,170,86,14,2,6,84,11,80,2,3,2,19,40,12,38,5,1,2,21.55405,2.6724489,22.825521,7,3,12,0
"76",6,25,2,1,1,150,65,26,5,3,71.321976,9,63,4,5,5,18,10,2,16,2,0,1,23,2,22,9,1,12,0
"77",10,25,1,7,8,180,78,15,3,6,55,11,55,6,2,2,22,40,2,23,7,1,2,21.55405,2.6724489,22.825521,10,4,16,0
"78",10,32,1,7,8,178,79,31,2,5,65,11,63,11,1,1,25,56,4,23,5,2,1,22,1,30,10,5,16,0
"79",3,52,2,5,4,150,72,26,5,4,68,2,65,2,7,1,11,24,5,47,4,1,1,37,4,16,8,1,9,1
"80",8,36,2,1,1,159,70,11,3,3,67,2,75,2,4,4,16,101,7,17,2,0,2,21,2,22,8,4,9,0
"81",8,37,1,1,1,165,72,19,3,1,58,4,56,4,3,1,20,48,5,18,4,1,1,25,2,31,8,1,14,0
"82",6,44,1,1,1,175,85,30,5,3,67,2,65,2,5,1,15,48,2,20,4,0,1,25,1,29,6,4,9,0
"83",3,41,2,1,1,143,67,20,5,4,65,2,68,2,4,2,16,25,9,32,2,1,2,23,3,23,6,5,9,0
"84",6,29,2,1,1,144,70,25,2,2,60,2,57,2,4,4,24,35,4,18,2,2,4,27,1,28,8,2,17,0
"85",5,62,1,1,1,168,75,26,3,4,71.321976,2,67.737869,2,5,4,15,48,40,20,5,1,2,20,2,24,8,1,9,0
"86",10,63,1,7,8,160,63,14,1,3,82,2,82,2,4,2,12,60,19,10,3,1,2,25,2,28,8,3,6,0
"87",7,41,2,7,1,170,80,20,5,4,77,11,67,4,4,4,18,25,13,18,2,0,1,38,2,30,7,5,15,0
"88",9,29,2,7,8,171,69,8,3,4,58,4,51,3,3,3,18,18,1,28,5,1,2,19,3,19,9,1,12,0
"89",10,40,1,1,1,175,75,9,1,4,63,6,61,2,3,1,18,55,19,20,7,3,1,26,2,28,7,4,12,0
"90",8,39,1,2,2,162,60,7,4,3,69,11,66,11,7,3,29,40,9,30,5,2,2,22,2,24,8,5,19,0
"91",10,35,2,7,1,167,73,16,3,4,75,11,63,12,1,1,27,22,17,17,6,3,3,26,2,28,7,3,19,0
"92",10,25,1,1,1,180,75,11,2,3,53,2,49,2,4,1,19,8,5,19,3,1,3,21.55405,2.6724489,22.825521,6,4,12,0
"93",4,25,1,5,4,165,50,28,4,4,50,2,48,6,2,2,18,72,3,17,3,0,1,20,1,24,7,1,9,1
"94",9,25,1,1,1,165,63,14,2,3,53,6,53,2,4,3,18,44,1,18,7,0,2,20,2.6724489,22.825521,6,3,12,0
"95",5,30,2,5,4,160,60,9,4,5,65,2,63,2,5,5,18,48,1,20,3,1,1,21.55405,2.6724489,22.825521,7,4,12,0
"96",9,27,1,1,1,178,90,17,3,9,58,10,55,10,4,2,16.588694,30,3,18,9,2,2,21.55405,2.6724489,22.825521,8,4,13,0
"97",4,29,1,1,1,165,79,24,2,8,60,2,55,2,3,3,19,48,1,12,4,1,1,24,2,25,6,3,9,0
"98",4,32,1,1,1,167,86,3,5,3,65,2,55,4,4,3,16,48,1,20,2,0,1,17,2,18,8,1,12,0
"99",4,40,2,1,1,152,92,28,2,4,60,4,66,2,4,2,18,60,1,18,3,0,2,23,2,24,8,1,14,1
"100",2,49,2,1,1,158,100,5,5,2,77,2,72,2,8,2,6,48,2,45,4,0,3,17,4,18,6,1,6,0
"101",7,44,2,1,1,155,45,15,3,4,77,2,72,2,3,3,18,48,6,19,4,0,3,34,1,35,8,4,9,0
"102",10,32,1,1,1,166,70,8,3,5,55,10,49,11,3,2,22,54,5,20,4,2,2,22,2.6724489,22.825521,9,1,17,0
"103",10,35,1,1,1,175,74,13,1,7,60,6,62,6,3,3,18,48,5,30,3,0,2,33,1,35,8,4,12,0
"104",3,25,1,8,8,170,70,8,1,1,48,6,45,2,4,3,18,48,3,13,2,0,1,16,3,16,8,1,9,1
"105",7,25,1,4,1,160,74,23,5,2,49,2,48,4,4,3,16.588694,48,3,13,2,0,1,21,1,22,8,5,10,1
"106",10,38,1,5,1,174,98,25,2,3,62,2,58,2,2,1,16.588694,8,6,25,3,1,1,29,2.6724489,22.825521,6,2,8,0
"107",4,60,2,5,8,150,71,14,3,4,88,2,89,2,9,3,8,20,37,14,3,1,1,15,7,15,8,3,1,0
"108",5,26,1,1,1,170,90,26,3,6,49,3,52,2,8,5,15,25,4,16,3,0,2,15,1,17,8,1,9,0
"109",4,27,2,1,1,163,65,4,3,4,69,3,69,2,3,2,13,48,7,16,5,0,1,21.55405,2.6724489,22.825521,8,2,3,1
"110",5,46,2,5,4,145,58,13,5,3,83,2,76,2,7,6,15,49,6,24,4,0,2,21.55405,4,16,6,4,9,0
"111",10,26,2,7,1,162,56,17,1,7,52,12,50,10,2,1,24,50,1,25,7,2,2,21.55405,2.6724489,22.825521,9,4,16,0
"112",6,29,1,1,1,170,72,8,3,4,47,4,48,6,3,2,18,48,15,18,5,1,1,24,2,25,7,1,12,0
"113",4,50,2,1,1,151,72,16,5,5,78,2,76,2,8,4,12,40,17,20,3,1,1,18,5,19,7,2,6,0
"114",6,33,1,1,1,176,89,14,2,3,56,2,54,2,3,1,16,40,2,18,3,0,1,28,1,28,8,3,12,0
"115",9,45,2,1,1,178,89,22,4,4,71.321976,2,67.737869,2,3,1,16.588694,40,2,20,5,1,1,40,2.6724489,22.825521,8,4,18,0
"116",9,58,1,2,2,165,82,9,2,5,80,2,89,2,5,4,20,30,15,21,5,1,2,26,2,26,9,4,15,0
"117",7,35,2,5,4,170,70,11,2,4,60,2,58,2,5,4,23,8,3,22,5,1,1,23,2,24,10,4,17,0
"118",7,63,1,8,8,160,65,18,3,2,80,2,83,2,9,1,15,24,47,18,3,0,1,21.55405,2.6724489,22.825521,6,2,9,0
"119",4,35,1,4,1,165,75,21,4,2,70,2,64,2,4,1,18,56,7,18,4,0,2,18,4,19,4,4,12,0
"120",6,25,2,1,1,156,55,11,2,3,40,3,44,2,3,1,17,20,1,24,3,0,2,18,1,24,8,4,12,0
"121",6,41,1,8,8,170,80,16,5,2,76,3,72,2,7,4,15,70,16,18,5,1,1,18,2,18,8,3,0,0
"122",4,42,2,1,2,150,74,30,4,4,68,4,67,11,5,4,22,25,14,25,7,0,2,20,2,24,8,4,16,0
"123",9,25,1,7,8,169,78,31,3,7,65,11,51,8,2,2,24,48,0,18,7,1,1,21.55405,2,21,6,5,13,0
"124",5,47,1,1,1,175,103,21,2,6,73,11,69,2,3,2,22,84,17,17,6,2,2,22,2,23,8,4,16,0
"125",5,46,2,4,4,164,70,30,3,1,78,2,72,2,6,5,14,30,4,23,4,0,2,19,2,20,7,5,9,1
"126",6,44,2,7,8,158,63,15,1,6,67,2,69,2,7,4,18,90,13,6,6,1,3,20,4,20,8,4,15,0
"127",5,26,2,7,8,165,95,13,5,3,51,6,47,4,2,1,23,56,4,23,3,2,2,22,2.6724489,22.825521,8,4,17,0
"128",7,55,2,4,8,153,60,9,3,6,58,6,55,6,2,1,19,38,14,20,6,1,3,21.55405,2.6724489,22.825521,6,4,12,0
"129",5,37,2,5,4,156,61,10,5,2,69,2,72,2,5,4,18,30,0,18,3,1,2,23,3,24,8,2,12,0
"130",1,28,1,5,4,170,78,15,4,4,54,5,50,4,2,1,23,40,3,18,2,0,2,20,1,27,7,4,15,0
"131",7,44,2,1,1,160,78,26,5,4,70,2,65,2,6,3,15,48,24,18,4,1,2,22,2,19,8,1,9,0
"132",10,38,1,7,1,165,74,30,2,4,67,6,65,3,3,3,25,30,13,16,6,1,2,24,1,36,9,5,16,0
"133",2,31,1,5,8,170,90,30,5,1,60,2,65,2,5,4,12,8,10,15,3,0,1,17,2.6724489,22.825521,8,5,3,0
"134",6,44,2,7,8,158,63,15,1,6,67,2,69,2,7,4,18,90,13,6,6,1,3,20,4,20,8,4,15,0
"135",9,54,1,8,8,169,82,32,4,3,92,2,93,2,7,5,25,50,9,10,6,2,3,29,3,30,7,2,17,0
"136",6,50,2,6,8,152,72,14,4,7,52,10,78,2,8,2,13,60,0,18,4,0,1,26,3,30,7,3,6,0
"137",9,60,1,4,8,171,69,14,3,10,94,98,85,98,10,3,23,60,32,16,6,0,4,21,2.6724489,22.825521,8,3,11,0
"138",3,32,1,1,1,180,74,24,3,4,67,2,56,2,12,9,16,48,17,18,4,0,1,17,3,17,4,3,9,0
"139",5,32,1,11,8,180,120,25,2,4,69,6,63,4,3,3,18,8,10,22,3,0,2,20,1,32,7,2,9,0
"140",9,49,1,1,1,172,80,8,4,5,69,2,68,2,3,1,19,50,20,19,5,2,2,19,2,23,7,1,13,0
"141",5,33,2,1,1,155,70,11,3,5,52,4,51,4,3,1,16.588694,8,3,26,3,0,2,21.55405,1,22,7,4,12,0
"142",3,36,2,7,8,156,62,20,5,4,60,3,57,3,4,2,23,60,16,20,8,1,3,22,2,23,7,5,15,0
"143",10,54,2,2,2,162,63,9,2,5,75,2,80,2,3,1,20,8,3,20,4,1,2,23,1,26,6,4,16,0
"144",3,39,1,4,4,165,75,32,5,4,65,2,63,2,8,3,15,48,24,14,3,0,1,18,4,19,6,2,9,0
"145",4,45,2,2,2,160,64,30,3,4,82,2,71,2,7,3,23,25,30,19,4,1,2,28,2,29,8,5,16,0
"146",6,55,1,5,5,180,80,11,2,4,84,2,67.737869,2,11,3,18,8,14,18,6,1,2,25,4,20,9,4,6,0
"147",6,27,1,5,4,165,80,9,2,3,50,5,49,5,2,1,16,60,11,16,5,1,1,20,1,20,9,4,9,0
"148",6,61,2,1,1,147,54,21,3,3,90,2,80,2,8,1,13,30,10,16,4,0,1,20,3,22,8,4,6,0
"149",10,48,1,7,1,175,78,9,2,4,74,2,72,2,5,3,20,48,19,29,7,2,2,25,2,27,7,4,17,0
"150",5,33,1,7,8,183,96,18,5,3,63,4,65,4,3,3,18,48,15,17,5,1,2,25,2.6724489,22.825521,6,2,12,0
"151",6,38,2,1,1,150,72,14,2,3,65,2,65,2,5,3,20,5,0,15,4,0,1,25,3,25,5,3,12,0
"152",2,38,1,1,1,168,75,9,1,5,63,4,63,4,2,2,16,48,8,18,4,0,1,19,2,20,7,4,9,0
"153",9,30,1,1,1,176,80,15,5,5,53,6,52,10,2,1,22,40,7,20,4,0,1,18,2,23,7,4,15,0
"154",10,35,1,1,1,181,90,10,2,4,65,11,58,11,3,2,26,30,10,17,3,0,1,30,2.6724489,22.825521,8,2,17,0
"155",6,60,1,4,8,165,82,21,2,3,71.321976,2,84,2,6,1,18,48,0,18,7,0,1,34,1,45,7,4,12,0
"156",2,26,1,7,8,150,65,14,2,2,42,2,40,4,5,2,12,36,18,7,6,3,2,19,2,20,8,3,9,0
"157",7,51,1,1,1,165,65,9,2,13,78,4,78,2,11,5,23,40,15,17,7,1,2,23,3,26,8,4,15,0
"158",5,32,2,1,1,158,65,22,5,4,58,2,55,2,10,5,15,40,10,14,3,0,2,23,2,24,6,4,9,0
"159",8,25,2,1,1,176,74,25,1,5,60,98,58,2,3,2,18,48,10,18,3,0,2,20,2.6724489,22.825521,8,2,12,0
"160",10,48,1,7,8,166,68,9,2,6,90,3,88,3,1,1,26,40,4,15,6,1,1,30,1,36,8,4,15,0
"161",8,27,1,1,1,170,70,5,4,5,55,2,50,2,3,2,18,48,1,19,8,1,2,21.55405,2.6724489,22.825521,7,1,9,0
"162",5,36,1,7,1,165,70,29,2,5,70,4,67.737869,6,3,3,24,42,2,25,3,0,1,30,1,33,8,4,17,0
"163",6,40,1,7,4,165,69,14,2,4,77,4,68,4,5,4,22,3,15,22,3,1,2,31,2,32,4,3,17,0
"164",9,62,1,2,2,170,64,9,3,8,80,2,80,2,12,4,20,40,7,16,8,0,4,26,3,26,9,4,16,0
"165",9,45,1,2,2,165,72,10,4,4,71.321976,11,70,2,2,2,22,40,15,24,6,1,1,45,2.6724489,22.825521,8,2,17,0
"166",10,26,1,8,8,170,65,15,1,3,55,2,53,2,4,4,26,48,2,17,3,0,4,22,2.6724489,22.825521,6,4,11,0
"167",7,50,1,8,8,178,75,21,3,5,74,11,70,2,3,3,30,42,5,17,4,1,2,21.55405,2.6724489,22.825521,7,4,17,0
"168",3,42,1,9,8,165,68,30,5,1,67,2,65,2,6,3,14,48,7,6,3,0,1,20,1,21,7,1,9,0
"169",6,38,2,1,1,150,72,14,2,3,65,2,65,2,5,3,20,5,0,15,4,0,1,25,3,25,5,3,12,0
"170",10,48,1,2,2,180,98,8,3,6,68,9,65,4,3,1,22,40,25,22,6,2,2,28,2,23,8,1,16,0
"171",8,27,1,7,8,160,70,21,3,3,55,4,53,2,3,3,24,40,2,15,3,0,4,23,2.6724489,22.825521,8,4,17,1
"172",5,31,1,2,7,172,70,15,5,5,59,4,58,4,9,5,18,35,18,18,5,0,1,22,2,22,7,4,12,0
"173",10,30,1,7,1,175,82,15,3,6,60,11,54,6,2,1,23,40,5,25,6,2,3,21.55405,2.6724489,22.825521,10,4,17,0
"174",6,52,1,8,8,171,76,15,2,6,78,4,80,2,3,2,25,64,32,27,5,0,2,21.55405,2.6724489,22.825521,8,4,17,0
"175",8,36,2,1,1,156,75,9,1,5,66,4,66,2,2,2,18,40,10,26,5,0,3,20,1,24,7,4,12,0
"176",5,37,2,1,1,158,58,8,4,3,55,2,50,2,3,2,17,15,2,25,4,1,2,18,2,18,6,1,10,0
"177",10,41,1,7,8,170,85,28,3,4,78,11,76,11,2,2,25,40,4,18,4,2,1,32,2.6724489,22.825521,8,1,15,0
"178",9,44,2,5,4,163,70,14,2,4,79,2,67,2,5,2,15,48,10,18,3,1,2,23,2,20,8,3,9,0
"179",5,37,1,1,1,155,80,13,3,6,62,4,62,2,2,2,18,48,7,18,4,0,2,21.55405,2.6724489,22.825521,7,4,12,1
"180",3,39,1,6,8,165,65,9,1,2,70,2,65,2,2,2,13,36,10,19,4,0,1,35,1,37,7,4,6,0
"181",9,27,1,1,1,181,70,14,1,4,65,11,76,4,3,3,15,48,1,16,4,0,3,21.55405,1,19,7,3,12,0
"182",10,28,1,1,1,175,78,15,3,4,48,4,53,2,1,1,16.588694,56,6,15,6,1,1,21.55405,2.6724489,22.825521,8,2,14,0
"183",2,50,1,5,5,165,72,31,5,2,75,2,72,2,5,3,13,90,25,25,4,0,1,24,2,26,4,5,6,1
"184",6,41,1,8,8,170,80,16,5,2,76,3,72,2,7,4,15,70,16,18,5,1,1,18,2,18,8,3,0,0
"185",8,28,1,1,1,175,80,2,2,2,57,4,45,2,5,2,15,48,0,15,4,0,2,27,1,27,9,1,9,0
"186",10,61,1,2,2,165,78,9,2,5,88,6,83,4,2,1,16.588694,30,10,17,8,1,1,33,3,34,8,4,15,0
"187",7,29,1,2,2,165,83,28,3,5,60,4,61,4,3,3,15,40,6,18,3,1,2,23,1,28,8,1,9,0
"188",7,44,1,8,8,175,77,16,4,5,83,2,85,2,3,1,18,24,10,18,3,0,1,27,2,28,3,3,12,0
"189",10,62,1,7,8,180,85,15,2,6,97,2,80,98,2,1,20,40,42,20,8,4,1,18,1,20,10,4,11,0
"190",7,34,1,11,8,180,85,21,3,6,71.321976,2,77,2,9,9,19,5,17,17,3,0,2,20,2,29,9,4,12,0
"191",2,25,1,7,8,164,78,13,5,3,45,4,43,4,2,1,16,45,5,16,3,1,1,22,2.6724489,22.825521,7,4,9,0
"192",7,62,1,7,8,165,88,30,5,5,97,2,88,2,9,4,29,72,2,8,5,1,3,28,3,29,7,5,15,0
"193",6,37,2,8,8,158,87,9,4,3,59,2,58,2,4,1,22,20,15,22,3,0,2,22,1,23,8,4,17,0
"194",8,30,1,5,4,162,83,19,1,3,46,2,48,4,4,3,15,18,12,18,4,1,1,18,2,19,8,1,9,1
"195",7,50,2,1,8,150,60,21,2,4,87,2,67.737869,2,4,1,18,10,15,18,5,0,1,25,2.6724489,22.825521,9,4,12,0
"196",10,39,2,2,2,157,63,9,3,5,61,10,58,10,2,2,23,75,15,24,5,2,2,33,2.6724489,22.825521,8,4,17,0
"197",9,45,1,1,1,178,95,32,3,6,65,5,64,4,6,1,19,50,10,18,6,2,2,20,2,20,6,1,14,0
"198",5,32,1,4,4,165,73,30,5,3,61,2,58,2,3,2,18,70,3,20,4,1,1,26,1,23,7,5,12,0
"199",5,25,1,1,1,170,60,19,1,5,55,9,53,2,2,2,16,45,17,16,4,0,3,21.55405,2.6724489,22.825521,7,1,12,0
"200",7,55,1,1,1,180,90,9,4,5,90,3,88,3,3,2,18,45,30,18,4,1,2,20,1,27,7,4,12,0
"201",5,30,2,7,8,156,50,14,4,6,64,6,59,11,3,2,16.588694,6,1,22,5,0,2,21.55405,2.6724489,22.825521,8,3,13,0
"202",6,32,1,8,4,179,75,13,3,3,60,6,63,4,4,3,19,80,0,20,6,1,2,25,2,26,8,4,12,1
"203",6,48,2,7,4,169,66,30,5,5,92,2,72,2,10,5,18,40,5,14,6,0,1,21.55405,2.6724489,22.825521,7,5,12,0
"204",7,35,2,1,1,150,64,29,3,6,59,4,54,4,6,5,19,84,0,18,9,1,2,25,2.6724489,22.825521,7,4,15,0
"205",8,52,2,1,1,149,63,9,2,6,77,2,68,2,8,1,18,48,32,19,5,0,1,25,2,27,6,4,15,0
"206",10,38,2,1,1,169,70,27,3,6,67,6,67,6,3,3,22,40,3,22,6,2,4,21.55405,1,29,9,5,16,0
"207",8,43,1,8,8,185,75,9,1,4,78,2,76,2,2,1,19,80,20,26,6,1,1,20,2.6724489,22.825521,5,4,15,0
"208",9,53,1,4,4,174,90,14,3,5,82,2,77,2,5,3,23,1,17,18,6,1,2,23,2,30,8,3,17,0
"209",3,28,2,5,4,160,86,9,5,3,59,2,55,2,4,4,18,18,3,23,3,0,2,22,2,23,8,4,12,0
"210",7,25,1,1,1,162,75,19,5,3,46,2,48,2,3,3,18,48,1,20,3,1,1,22,2.6724489,22.825521,8,1,12,1
"211",6,25,2,1,1,156,55,11,2,3,40,3,44,2,3,1,17,20,1,24,3,0,2,18,1,24,8,4,12,0
"212",10,25,2,5,4,167,57,10,2,4,57,4,58,7,3,3,16.588694,33,5,20,4,0,2,21.55405,2.6724489,22.825521,8,2,15,0
"213",10,55,2,1,1,163,58,11,3,6,71.321976,4,67.737869,2,5,5,17,8,22,28,5,1,2,25,3,25,8,4,9,0
"214",10,48,1,1,1,165,85,19,1,4,75,6,60,6,4,2,25,48,17,29,5,2,1,17,2,18,9,1,17,0
"215",2,39,2,1,1,162,61,9,3,3,69,4,67.737869,4,2,1,18,54,9,18,3,0,1,21.55405,2.6724489,22.825521,7,4,12,0
"216",10,40,1,1,1,175,86,5,4,3,71.321976,2,73,2,3,1,13,70,27,15,4,2,1,19,1,34,7,1,6,0
"217",9,34,1,7,8,169,80,32,4,5,74,4,66,4,9,7,22,40,7,18,5,3,3,21.55405,2.6724489,22.825521,7,2,17,0
"218",5,57,2,1,1,160,60,25,2,6,85,11,80,2,7,1,14,48,47,12,3,0,1,18,4,20,6,2,6,0
"219",2,39,1,1,1,165,70,9,1,5,72,2,76,4,3,2,15,50,3,17,3,0,1,25,1,32,6,4,9,0
"220",7,25,2,8,1,167,70,30,4,5,57,11,52,9,3,2,16.588694,40,0,18,5,1,1,21.55405,2.6724489,22.825521,8,5,16,0
"221",5,25,1,8,8,160,70,13,3,4,58,4,54,6,2,2,23,40,1,23,4,0,2,21.55405,2.6724489,22.825521,9,4,17,0
"222",7,47,2,5,8,155,72,9,3,3,71.321976,2,69,2,13,9,18,40,17,20,5,0,2,19,3,20,6,4,9,0
"223",6,44,2,1,1,143,54,21,3,4,83,2,75,2,12,4,13,40,6,14,4,0,2,18,2,16,7,4,9,0
"224",3,25,2,1,1,160,57,28,3,2,51,4,50,4,4,3,17,48,5,17,2,0,2,21.55405,1,18,7,1,10,0
"225",5,41,2,5,4,160,76,25,2,4,67,6,63,4,5,4,21,5,2,18,4,0,1,21,2,22,7,2,15,1
"226",4,50,1,1,1,185,90,28,4,2,90,2,85,2,5,2,18,40,31,18,4,0,1,25,2.6724489,22.825521,6,1,11,0
"227",6,47,2,1,1,155,64,16,5,3,85,2,77,2,1,1,12,5,33,14,4,1,2,17,8,18,6,3,6,0
"228",8,29,2,1,1,156,57,31,3,4,59,2,59,2,3,3,19,6,2,19,4,0,2,27,1,28,8,5,12,1
"229",5,38,1,5,4,168,83,30,4,3,53,2,51,2,4,1,16,48,19,18,4,0,3,22,2,25,4,5,9,0
"230",7,35,1,1,1,178,80,9,1,5,50,2,50,4,2,2,18,80,12,18,5,1,1,25,3,26,6,4,12,0
"231",9,37,1,1,1,165,80,15,3,3,60,12,60,2,2,2,24,48,1,17,5,0,2,27,2.6724489,22.825521,8,4,17,0
"232",6,25,1,8,8,162,54,15,4,2,56,4,50,4,6,4,15,30,12,15,3,0,4,21.55405,2.6724489,22.825521,9,4,9,0
"233",8,48,2,1,1,172,80,9,2,6,72,2,70,4,3,1,15,65,10,18,5,0,1,22,1,24,8,4,12,0
"234",10,38,1,7,8,173,76,16,3,3,67,9,66,2,3,2,24,45,0,16,6,1,2,21.55405,2.6724489,22.825521,8,3,17,0
"235",10,47,2,1,1,154,63,30,1,5,76,98,63,2,6,4,16,42,16,15,5,1,2,20,1,21,8,1,9,0
"236",8,37,1,8,8,172,85,9,2,5,71.321976,2,69,2,2,1,24,45,12,18,3,0,2,21.55405,2.6724489,22.825521,6,4,16,0
"237",2,35,1,4,1,160,65,7,4,3,68,2,54,2,7,1,6,60,6,31,3,0,2,33,2.6724489,22.825521,4,5,6,0
"238",5,31,1,2,7,172,70,15,5,5,59,4,58,4,9,5,18,35,18,18,5,0,1,22,2,22,7,4,12,0
"239",1,28,1,5,4,170,78,15,4,4,54,5,50,4,2,1,23,40,3,18,2,0,2,20,1,27,7,4,15,0
"240",8,33,1,5,4,170,70,3,3,8,60,4,57,2,5,4,15,42,16,17,4,0,1,20,2,23,7,2,9,0
"241",10,30,2,7,8,165,60,15,2,8,58,11,56,11,2,1,22,40,6,24,8,3,3,21.55405,2.6724489,22.825521,9,4,16,0
"242",9,35,2,1,1,168,72,6,4,3,56,3,54,2,4,1,22,40,3,15,4,2,3,21.55405,1,30,8,3,16,0
"243",6,25,2,1,1,156,55,11,2,3,40,3,44,2,3,1,17,20,1,24,3,0,2,18,1,24,8,4,12,0
"244",7,35,1,1,1,165,82,9,2,3,55,6,54,4,2,1,19,48,18,20,3,1,2,22,2.6724489,22.825521,7,4,12,0
"245",9,26,1,1,1,164,82,24,2,16,58,4,58,4,5,3,15,36,7,15,5,1,2,24,2.6724489,22.825521,8,3,9,0
"246",3,40,1,5,4,169,75,9,1,2,71.321976,2,70,2,2,1,15,50,0,17,3,0,1,20,2.6724489,22.825521,7,4,9,0
"247",6,28,1,7,8,170,70,221,3,6,42,4,42,11,3,1,18,40,16,18,4,1,1,22,1,20,8,1,14,0
"248",3,45,1,1,8,174,96,12,3,3,73,11,75,2,6,6,19,20,35,19,2,0,1,20,2,20,7,5,11,0
"249",7,46,2,1,1,158,55,11,3,4,83,6,75,4,4,3,15,5,2,44,4,1,2,25,1,30,8,4,9,0
"250",10,47,2,1,1,167,70,28,4,5,72,8,69,8,3,1,22,45,21,25,4,1,1,21.55405,2,29,7,1,17,0
"251",6,25,1,9,1,168,79,10,5,3,64,2,48,2,8,5,23,48,2,17,4,1,3,21.55405,2.6724489,22.825521,9,2,15,0
"252",3,42,2,4,8,155,68,30,5,3,62,2,62,2,6,1,21,30,3,23,6,0,2,24,3,25,8,4,12,1
"253",7,32,2,2,2,155,58,16,2,3,58,11,59,11,3,1,22,30,9,23,6,1,2,23,2,23,8,3,16,0
"254",9,30,1,1,1,175,70,9,1,6,52,4,51,4,2,1,22,48,8,22,6,0,2,21.55405,2.6724489,22.825521,8,4,13,0
"255",10,43,1,7,2,175,79,10,2,4,70,2,70,2,5,3,27,40,25,15,5,2,2,27,2,29,8,2,16,0
"256",7,34,1,9,4,180,105,29,5,4,53,2,52,2,3,1,17,72,3,17,6,1,2,20,1,23,6,4,12,0
"257",9,57,1,7,6,170,83,18,4,5,71.321976,98,67.737869,98,3,2,36,60,16,41,4,1,1,28,3,30,6,3,16,0
"258",7,62,1,7,8,165,88,30,5,5,97,2,88,2,9,4,29,72,2,8,5,1,3,28,3,29,7,5,15,0
"259",4,31,2,1,4,152,62,10,5,4,74,2,67,2,7,7,16,48,3,18,5,0,2,20,1,19,7,2,9,0
"260",9,25,2,8,4,145,48,4,4,10,62,11,57,2,7,7,17,20,1,16,2,0,2,14,2,15,7,5,8,0
"261",10,61,1,7,8,170,85,9,2,6,82,4,83,4,4,1,23,40,35,25,6,3,3,26,2,30,8,4,17,0
"262",6,30,1,7,8,170,75,30,5,6,75,2,73,2,8,8,18,84,5,25,4,0,2,21.55405,2.6724489,22.825521,10,4,12,0
"263",9,55,1,1,1,167,70,9,2,4,76,4,75,4,2,2,17,56,17,18,4,1,1,23,2,25,6,4,12,0
"264",9,43,1,7,8,167,79,9,1,9,93,4,80,11,4,1,16.588694,48,32,18,9,2,1,22,2,25,6,4,21,0
"265",10,31,2,8,1,158,65,9,1,7,67,2,61,2,4,3,18,40,8,19,6,1,1,19,1,21,7,4,12,1
"266",8,60,1,8,2,170,73,13,4,4,86,2,70,2,3,1,15,42,8,16,4,1,2,27,3,26,7,4,9,0
"267",4,26,2,5,4,170,65,11,2,4,48,2,42,2,2,1,18,3,3,19,2,1,1,18,2,20,8,4,11,0
"268",10,35,1,1,1,172,65,11,3,4,62,12,68,6,3,1,18,8,7,28,5,1,1,21.55405,2.6724489,22.825521,9,4,12,0
"269",8,44,2,4,8,160,70,15,1,4,97,2,80,2,6,4,14,73,23,14,8,1,1,21.55405,2,19,8,4,9,0
"270",9,25,2,1,1,165,60,26,2,5,56,10,56,10,2,2,22,48,5,20,5,1,4,21.55405,2.6724489,22.825521,9,1,16,0
"271",2,35,1,1,1,172,65,1,3,4,55,4,52,4,3,2,19,50,4,25,4,1,2,21.55405,2.6724489,22.825521,7,3,12,0
"272",10,43,1,1,1,180,101,9,4,2,70,2,65,5,5,1,18,50,3,18,4,1,1,22,2,29,9,4,12,0
"273",10,35,2,7,8,140,70,20,4,2,64,2,60,2,6,4,16,42,0,17,4,0,2,21.55405,2.6724489,22.825521,5,5,9,0
"274",9,26,2,8,8,163,52,7,4,3,46,6,45,4,2,1,23,45,7,18,2,0,1,20,2.6724489,22.825521,8,5,16,0
"275",10,28,1,1,1,175,80,19,1,2,52,3,52,4,2,2,23,48,5,18,3,1,2,21.55405,1,22,8,1,17,0
"276",9,45,2,5,4,157,58,9,2,3,78,2,68,2,2,2,18,48,3,17,4,1,2,21.55405,2.6724489,22.825521,8,4,12,0
"277",8,29,1,1,1,177,78,11,3,4,54,10,52,6,2,2,17,8,2,19,5,1,1,21.55405,2.6724489,22.825521,8,4,10,0
"278",4,25,1,1,1,168,68,30,4,5,63,2,42,4,5,2,17,48,3,18,4,0,1,22,2,22,7,1,11,0
"279",9,43,1,5,8,180,75,24,5,4,68,2,66,2,3,1,15,60,5,13,4,1,1,23,2.6724489,22.825521,7,3,9,0
"280",8,53,1,1,1,167,85,14,5,4,75,4,76,2,4,2,24,40,22,20,3,1,1,26,2,28,5,3,16,0
"281",5,41,1,7,8,180,94,30,5,2,63,4,58,2,3,1,20,64,0,14,3,1,2,23,2,24,6,5,12,0
"282",7,54,2,8,98,165,70,11,2,6,86,98,67.737869,2,6,6,14,4,27,24,9,1,2,21.55405,2.6724489,22.825521,8,4,9,0
"283",6,37,2,8,8,158,87,9,4,3,59,2,58,2,4,1,22,20,15,22,3,0,2,22,1,23,8,4,17,0
"284",10,40,1,7,8,175,82,21,2,7,89,11,89,2,7,7,34,40,14,18,5,2,2,40,1,31,8,4,18,0
"285",5,29,1,8,8,170,60,15,3,3,53,4,47,2,3,2,25,20,5,17,3,0,2,25,2.6724489,22.825521,7,4,17,0
"286",5,45,1,5,4,164,70,15,3,6,95,2,85,2,6,5,16,70,5,19,4,0,2,22,1,23,7,4,9,0
"287",1,32,2,7,4,150,65,9,3,3,72,2,55,4,4,2,11,10,1,12,2,0,1,24,2,29,7,4,6,0
"288",8,33,1,1,1,172,92,5,3,4,56,4,52,4,4,1,18,50,16,18,5,1,2,25,1,29,9,1,12,0
"289",9,33,1,7,1,174,93,14,1,5,57,4,53,4,3,1,19,40,13,19,3,1,1,28,2.6724489,22.825521,8,3,12,0
"290",10,25,1,1,1,162,59,32,2,2,71.321976,5,40,4,4,1,19,46,2,20,2,1,2,20,1,21,8,2,12,0
"291",7,44,2,1,1,160,74,11,3,3,75,2,72,2,10,6,12,70,1,19,4,0,2,22,3,23,8,4,9,0
"292",9,32,1,1,1,176,78,10,5,4,56,4,49,4,4,2,13,72,4,12,6,3,6,21.55405,1,25,4,4,9,0
"293",2,31,1,5,8,170,90,30,5,1,60,2,65,2,5,4,12,8,10,15,3,0,1,17,2.6724489,22.825521,8,5,3,0
"294",9,25,1,7,8,160,58,15,4,5,51,4,50,5,1,1,23,25,0,25,5,1,1,21.55405,2.6724489,22.825521,9,4,17,0
"295",10,62,2,7,7,156,50,15,3,7,81,11,87,9,4,2,22,40,35,20,7,1,1,25,1,26,9,4,17,0
"296",8,38,1,8,8,178,82,26,3,4,70,2,63,2,2,2,16,60,17,18,4,1,2,25,1,37,7,1,9,0
"297",8,26,1,5,4,171,80,15,2,2,45,2,46,3,3,2,16,40,4,13,7,1,7,21.55405,2.6724489,22.825521,7,4,9,0
"298",5,45,1,4,8,168,68,14,5,4,77,2,68,2,9,7,19,35,7,13,3,0,1,21.55405,2.6724489,22.825521,8,3,12,0
"299",10,33,1,7,6,180,81,1,3,4,68,2,62,4,3,3,23,60,12,21,6,2,2,24,1,30,6,3,20,0
"300",1,26,1,5,4,170,63,9,3,3,43,4,44,4,3,1,12,25,3,17,3,0,3,21.55405,2.6724489,22.825521,7,4,6,0
"301",9,37,1,1,1,160,70,14,3,3,61,98,59,2,6,2,13,48,0,8,2,0,1,21.55405,2.6724489,22.825521,9,3,9,0
"302",3,30,2,5,4,160,70,30,4,3,63,2,57,2,3,1,14,18,3,27,2,0,2,14,4,14,5,5,9,0
"303",10,60,2,7,8,161,65,15,2,4,97,9,80,2,8,2,18,14,35,25,5,2,2,22,2,23,4,4,12,0
"304",5,38,1,1,1,173,90,32,4,4,65,2,60,2,6,5,20,40,14,13,4,1,1,20,5,20,8,2,19,0
"305",4,42,1,1,1,168,75,11,3,5,65,2,67.737869,4,5,3,16.588694,12,32,16,7,1,1,19,2,18,8,4,9,0
"306",8,35,2,1,1,170,75,8,4,4,52,2,50,2,3,3,15,40,2,18,4,1,2,18,1,19,9,1,9,0
"307",7,63,1,8,8,160,65,18,3,2,80,2,83,2,9,1,15,24,47,18,3,0,1,21.55405,2.6724489,22.825521,6,2,9,0
"308",6,52,1,1,1,165,89,27,3,3,85,2,84,2,7,5,18,42,0,14,2,0,2,20,3,22,10,5,12,0
"309",2,36,2,4,4,150,68,30,5,4,75,2,71,2,8,7,19,3,0,20,4,0,2,20,2,22,6,5,12,1
"310",7,38,1,8,4,174,102,12,3,9,58,11,57,11,3,1,23,46,10,23,5,2,2,24,2,25,8,3,17,0
"311",9,53,1,1,1,175,85,19,1,5,81,2,79,2,6,3,18,48,28,25,5,1,1,25,2,26,8,1,9,0
"312",9,35,2,1,1,160,73,14,3,5,65,2,65,2,3,1,19,35,17,19,6,1,2,29,1,33,7,3,12,0
"313",9,32,2,1,1,165,70,16,2,6,73,2,77,2,4,4,14,48,9,17,7,0,2,14,2,15,8,3,9,0
"314",4,25,1,8,8,160,65,14,4,2,63,2,61,2,7,6,13,50,4,17,6,0,2,21.55405,2.6724489,22.825521,6,3,9,0
"315",1,36,2,1,1,145,61,30,5,1,55,2,52,2,3,1,14,45,0,36,1,0,2,19,2,20,7,5,9,0
"316",4,60,2,5,8,150,71,14,3,4,88,2,89,2,9,3,8,20,37,14,3,1,1,15,7,15,8,3,1,0
"317",8,25,1,1,1,173,100,19,1,5,71.321976,5,40,10,2,1,16.588694,60,1,15,5,0,3,21.55405,2.6724489,22.825521,7,1,17,0
"318",5,34,1,5,4,162,70,31,2,5,63,4,56,4,4,1,16,60,14,9,5,1,2,21.55405,2.6724489,22.825521,7,5,9,0
"319",7,48,1,7,4,169,95,24,4,2,81,2,76,2,8,6,22,56,19,18,4,0,1,28,3,28,7,3,17,0
"320",6,42,1,8,8,174,84,16,2,4,64,2,67,3,4,1,13,60,27,11,3,0,2,22,3,25,6,3,7,0
"321",9,26,1,7,1,170,95,22,2,9,52,3,53,8,2,1,23,40,9,17,8,1,2,22,2.6724489,22.825521,6,4,16,0
"322",7,27,1,7,8,182,110,30,2,5,59,4,54,2,2,2,23,35,0,24,5,1,3,21.55405,2.6724489,22.825521,11,5,16,0
"323",9,47,1,5,4,169,65,16,4,9,81,2,82,2,9,6,21,65,30,17,7,1,2,21,2,30,6,3,15,0
"324",5,34,2,5,1,152,88,29,5,3,57,4,47,4,2,2,18,30,1,33,5,2,2,29,1,30,8,4,12,0
"325",1,30,1,7,8,163,63,30,4,2,52,3,54,3,3,3,16,8,1,13,4,0,1,16,2,17,8,5,9,0
"326",9,45,1,1,1,166,70,4,4,5,76,4,62,6,3,2,20,40,9,17,5,1,2,21,2,25,6,5,16,0
"327",7,42,1,1,1,175,85,11,5,3,70,4,52,4,4,2,21,40,16,26,3,1,1,28,1,21,7,4,12,0
"328",10,35,1,5,4,170,60,10,2,2,71,4,53,4,3,3,16.588694,35,2,17,4,0,2,21.55405,2.6724489,22.825521,8,2,13,0
"329",1,28,1,5,8,168,65,30,5,1,40,2,59,2,3,3,17,8,14,14,3,0,2,21.55405,2.6724489,22.825521,8,5,12,0
"330",6,26,2,5,4,155,72,17,5,4,50,4,45,2,4,1,20,42,0,17,8,0,2,21,2.6724489,22.825521,8,4,12,0
"331",10,42,2,2,2,155,62,8,5,5,65,11,61,6,4,2,22,30,12,23,6,2,1,22,3,16,10,1,16,0
"332",6,29,2,1,1,170,91,5,3,4,52,8,52,2,3,1,14,4,11,17,5,0,2,27,1,28,9,1,9,0
"333",9,26,1,1,1,185,100,9,1,2,58,2,55,2,3,3,18,48,12,14,4,1,2,20,1,21,5,4,12,0
"334",10,26,1,8,8,170,65,15,1,3,55,2,53,2,4,4,26,48,2,17,3,0,4,22,2.6724489,22.825521,6,4,11,0
"335",9,50,1,1,1,175,78,9,3,6,74,2,70,2,9,1,22,40,25,15,7,1,3,22,3,19,10,4,16,0
"336",4,34,2,8,6,160,48,221,1,2,52,4,52,4,5,2,12,35,0,14,3,0,2,18,2,20,7,4,7,0
"337",6,27,1,5,4,165,80,9,2,3,50,5,49,5,2,1,16,60,11,16,5,1,1,20,1,20,9,4,9,0
"338",4,35,1,1,1,168,72,1,3,3,72,2,69,2,3,2,18,45,3,21,4,2,2,21.55405,2.6724489,22.825521,5,3,12,0
"339",7,37,1,2,2,173,83,21,2,8,56,6,70,2,6,5,16.588694,50,2,17,6,1,2,24,2,25,6,4,10,0
"340",6,37,1,8,8,175,80,15,2,3,58,2,57,2,4,2,15,50,21,15,7,0,1,17,3,17,7,4,9,0
"341",9,28,2,1,1,158,62,30,5,4,62,6,50,11,3,1,25,20,5,23,5,0,3,24,1,24,5,5,16,0
"342",4,26,1,1,1,183,75,24,2,4,50,2,50,2,1,1,22,40,0,18,5,0,1,20,2,21,7,3,15,0
"343",2,37,2,1,1,160,70,30,4,3,60,3,56,3,5,3,18,48,12,23,2,0,1,19,2,20,7,5,9,0
"344",8,41,1,1,1,163,81,5,4,2,59,4,54,2,4,1,12,60,0,12,4,1,4,17,3,19,7,1,7,0
"345",7,53,1,8,8,175,75,9,1,2,80,3,88,2,12,7,25,60,10,18,3,0,2,30,2.6724489,22.825521,6,4,12,0
"346",4,39,2,5,4,164,80,25,2,2,71.321976,2,76,2,10,9,15,80,0,13,5,0,1,20,3,16,7,2,8,0
"347",10,29,1,1,1,175,78,11,2,5,60,5,56,5,2,1,16.588694,48,5,24,5,1,1,21.55405,2.6724489,22.825521,8,4,16,0
"348",3,43,1,4,4,165,75,20,5,3,65,2,64,2,10,1,10,30,27,11,6,0,1,21.55405,2,30,7,5,6,0
"349",6,35,2,1,1,160,70,9,2,5,61,4,62,2,1,1,17,60,8,18,4,0,2,21.55405,2.6724489,22.825521,7,4,12,0
"350",2,36,2,4,4,150,68,30,5,4,75,2,71,2,8,7,19,3,0,20,4,0,2,20,2,22,6,5,12,1
"351",5,31,1,1,1,171,84,30,5,4,59,11,60,11,4,3,24,23,7,24,2,0,1,27,1,28,6,5,17,0
"352",8,29,1,1,1,168,70,1,1,4,60,4,49,3,2,2,16.588694,48,6,24,3,1,1,23,1,24,5,3,12,0
"353",5,35,1,1,1,170,92,31,3,1,77,2,70,2,2,2,24,48,3,18,2,0,1,22,4,22,8,5,11,1
"354",10,41,2,1,1,155,60,1,4,5,61,4,60,2,3,1,16,8,22,16,5,1,3,17,4,20,8,3,12,0
"355",6,37,2,8,8,158,87,9,4,3,59,2,58,2,4,1,22,20,15,22,3,0,2,22,1,23,8,4,17,0
"356",10,36,1,7,8,164,60,15,4,3,54,4,52,6,4,2,25,50,10,26,6,2,3,25,2.6724489,22.825521,8,4,17,0
"357",3,50,1,1,1,176,88,13,5,3,80,2,75,2,4,2,20,6,7,20,6,0,2,20,3,21,8,4,9,0
"358",10,29,1,1,1,185,83,15,2,5,61,2,53,2,2,1,25,60,3,26,5,1,2,27,2,28,8,4,17,0
"359",7,58,1,7,8,172,82,32,5,4,80,2,82,3,3,1,16,50,32,12,5,1,2,21,2,24,8,2,9,0
"360",5,27,1,1,1,179,72,22,4,3,47,2,50,2,3,2,18,40,7,15,3,0,1,18,2,20,10,4,12,0
"361",9,38,2,7,8,160,82,21,2,6,58,4,56,2,4,4,30,50,12,19,4,1,2,26,2.6724489,22.825521,7,4,18,0
"362",9,29,2,7,8,160,56,14,2,7,55,5,52,4,3,2,27,20,1,14,3,1,2,22,2.6724489,22.825521,8,3,14,0
"363",10,35,1,9,4,179,149,27,2,3,69,8,62,2,4,4,24,48,4,12,4,1,1,25,2,27,5,5,16,0
"364",4,40,1,1,1,185,95,5,3,4,92,2,69,2,4,2,15,50,2,12,5,0,2,28,2.6724489,22.825521,10,1,9,0
"365",5,36,2,5,4,158,68,11,3,2,68,2,65,2,1,1,15,7,15,21,3,1,1,21.55405,2.6724489,22.825521,7,4,9,0
"366",10,53,1,1,1,168,82,19,1,6,76,4,75,2,8,2,49,60,0,16,6,1,1,26,2,27,8,1,14,0
"367",5,30,2,1,1,166,78,25,4,5,50,4,50,6,2,1,18,10,3,27,3,1,1,22,2,22,6,2,12,0
"368",5,28,1,1,1,160,70,9,1,6,50,4,58,4,3,2,18,50,10,18,4,0,1,19,1,20,7,4,12,0
"369",8,62,2,1,1,160,86,9,4,3,92,2,83,4,5,1,17,25,20,13,4,0,1,23,3,23,7,4,12,0
"370",1,38,1,1,1,178,75,25,2,6,71.321976,11,67.737869,11,3,2,17,70,10,17,4,0,1,21.55405,1,27,8,2,9,0
"371",6,36,2,5,4,154,53,24,5,4,55,4,57,6,3,1,21,48,21,15,2,0,1,31,1,31,7,1,12,0
"372",8,25,1,1,1,176,85,13,3,6,45,11,43,5,3,2,18,40,5,14,4,2,1,19,1,24,9,4,12,0
"373",8,57,2,2,2,153,61,9,3,3,92,4,67.737869,7,2,1,16.588694,40,22,25,4,0,3,40,2.6724489,22.825521,7,4,16,0
"374",9,31,1,7,1,175,85,24,2,6,55,7,54,6,3,2,22,54,4,20,5,1,1,25,1,26,8,3,17,0
"375",9,25,1,1,1,190,98,8,3,11,51,6,51,11,3,1,16.588694,40,2,19,4,2,1,19,1,20,10,1,15,0
"376",5,30,1,1,1,187,100,2,3,7,48,4,48,5,3,1,18,40,20,18,4,4,1,18,2,18,7,1,12,0
"377",6,40,2,8,8,165,105,27,5,1,60,2,61,2,7,1,15,30,8,28,2,0,2,14,3,15,7,5,6,0
"378",6,43,1,1,1,173,89,19,1,4,75,2,68,2,3,2,18,48,2,17,4,1,2,27,2,31,8,1,10,0
"379",3,25,2,1,1,160,75,11,2,2,51,2,50,2,6,5,14,10,2,15,2,0,2,18,2,17,8,4,9,0
"380",10,47,1,1,1,172,68,9,1,4,75,6,80,9,5,4,43,40,1,16,5,1,2,20,1,24,8,4,15,0
"381",5,46,2,4,4,164,70,30,3,1,78,2,72,2,6,5,14,30,4,23,4,0,2,19,2,20,7,5,9,1
"382",1,36,1,1,1,160,66,7,3,5,62,2,48,4,6,5,20,48,22,20,2,0,1,22,3,21,7,3,12,0
"383",10,44,2,7,8,164,68,9,1,7,77,6,69,6,2,2,26,30,17,27,6,1,1,20,2,23,9,4,17,0
"384",3,33,2,1,1,162,82,20,4,3,65,4,63,4,4,3,17,50,0,18,3,0,2,21,2,23,5,5,12,1
"385",2,36,2,5,4,160,62,15,3,2,65,2,58,2,8,2,16.588694,16,0,17,2,0,1,25,2.6724489,22.825521,7,4,8,0
"386",9,42,1,7,8,165,68,21,2,8,68,6,67,4,3,2,29,60,11,18,3,1,1,30,3,33,6,4,18,0
"387",4,38,1,5,4,158,78,11,3,6,65,2,64,2,8,7,12,75,22,15,5,0,1,21.55405,2.6724489,22.825521,6,4,6,0
"388",5,57,1,8,4,170,78,16,5,2,96,2,95,2,11,7,12,30,44,12,4,1,3,36,3,37,4,3,4,0
"389",1,37,1,4,8,177,94,32,5,4,53,4,48,4,7,3,10,48,10,15,2,0,1,25,1,35,6,2,3,0
"390",6,60,1,4,8,165,82,21,2,3,71.321976,2,84,2,6,1,18,48,0,18,7,0,1,34,1,45,7,4,12,0
"391",6,27,2,5,4,168,57,11,5,3,44,4,67.737869,4,3,3,18,8,3,19,4,1,2,21.55405,2.6724489,22.825521,9,4,10,0
"392",2,25,2,1,1,150,65,12,5,5,40,2,38,2,1,1,15,48,1,23,4,0,2,15,3,16,6,3,9,0
"393",10,38,2,7,8,169,70,5,3,6,58,2,57,4,5,2,29,48,1,18,6,1,1,21.55405,2,25,8,1,17,0
"394",4,30,1,7,8,170,75,20,5,5,73,2,70,10,6,5,27,50,4,16,5,1,5,21.55405,2.6724489,22.825521,8,5,17,0
"395",9,39,2,1,1,148,54,32,5,3,87,2,72,2,3,3,16,48,3,31,4,0,2,28,2,29,7,2,9,1
"396",7,32,1,1,1,169,75,6,3,5,71.321976,11,67.737869,11,2,2,27,48,2,29,3,1,2,29,1,30,8,3,18,0
"397",1,28,1,5,8,168,65,30,5,1,40,2,59,2,3,3,17,8,14,14,3,0,2,21.55405,2.6724489,22.825521,8,5,12,0
"398",10,32,1,1,1,160,69,7,2,4,85,2,72,2,2,2,19,55,9,19,5,0,1,19,2.6724489,22.825521,8,5,12,0
"399",10,37,1,1,1,168,80,19,1,6,56,10,51,3,1,1,18,48,10,18,6,1,2,22,2,23,5,1,12,0
"400",9,43,1,7,6,158,68,15,3,4,68,2,60,2,8,1,18,48,17,21,6,2,2,18,2,21,8,4,10,0
"401",7,35,1,1,1,174,85,24,2,5,65,2,59,2,6,5,16,48,11,19,3,0,2,20,3,19,7,3,9,0
"402",9,40,1,98,8,176,90,9,2,5,80,6,68,4,6,6,18,10,18,19,5,0,1,28,1,37,6,4,12,0
"403",7,40,2,8,8,150,58,15,2,3,65,4,60,2,4,2,14,35,1,39,5,0,2,19,4,19,9,4,9,0
"404",7,31,1,5,8,165,70,5,3,6,57,8,55,8,3,2,18,48,1,17,6,0,3,28,2,28,7,1,11,0
"405",5,25,1,1,1,179,75,9,1,4,52,4,50,4,2,1,19,48,4,20,4,0,2,21.55405,2.6724489,22.825521,8,4,12,0
"406",1,33,1,9,8,155,50,27,5,6,46,3,48,3,4,2,16,70,0,17,1,0,6,16,2,20,8,5,9,0
"407",8,34,1,7,6,178,80,26,2,6,76,2,74,2,4,4,18,40,5,19,8,2,1,24,1,31,10,1,12,0
"408",6,25,1,7,8,178,55,7,2,2,56,2,54,2,2,2,23,40,4,19,2,0,2,21.55405,2.6724489,22.825521,8,5,16,0
"409",1,56,2,4,8,147,65,20,5,2,59,2,56,2,4,3,16.588694,15,6,23,3,0,2,21.55405,2,27,4,5,1,1
"410",10,25,1,1,1,180,75,11,2,3,53,2,49,2,4,1,19,8,5,19,3,1,3,21.55405,2.6724489,22.825521,6,4,12,0
"411",7,48,2,1,1,160,60,8,3,2,78,2,73,2,7,2,8,18,2,18,6,2,3,21.55405,2,24,8,1,3,0
"412",1,37,2,5,4,160,65,6,5,2,67,2,65,2,8,3,12,21,6,15,3,0,3,16,6,14,7,3,6,0
"413",8,35,1,1,1,169,89,21,1,4,68,2,65,2,3,1,22,60,5,13,5,0,2,21,1,22,4,4,12,0
"414",6,29,2,1,1,153,62,24,1,2,57,2,48,4,3,1,23,48,9,23,5,0,2,25,1,26,7,3,15,0
"415",4,40,2,5,4,163,65,13,5,5,61,3,59,3,3,1,18,48,2,15,4,1,3,21.55405,1,34,7,4,10,0
"416",4,34,1,5,4,160,67,31,5,3,60,2,60,2,4,3,15,35,22,16,4,0,1,31,1,32,7,5,9,1
"417",9,54,1,7,8,164,64,5,3,3,71.321976,2,67.737869,2,8,4,16,60,33,9,6,2,1,33,2.6724489,22.825521,7,1,9,0
"418",5,38,1,2,2,166,82,12,5,3,94,2,52,2,4,2,21,40,18,19,4,0,2,18,2,25,8,5,16,0
"419",6,34,1,11,8,170,100,16,5,4,60,2,57,2,9,5,17,60,1,19,3,1,1,22,4,23,8,4,12,0
"420",10,39,2,8,8,150,58,9,1,4,64,6,66,4,3,2,18,30,12,27,4,1,2,18,2,19,7,4,9,0
"421",2,58,2,1,1,153,43,27,4,3,80,2,94,2,6,3,12,24,0,28,3,0,2,29,1,41,8,5,6,1
"422",4,42,1,11,1,165,76,15,2,4,75,2,67,2,3,2,37,10,6,18,5,1,1,30,2,29,9,4,16,0
"423",8,35,2,1,1,159,67,22,3,4,60,3,57,98,3,3,22,40,2,15,4,1,2,26,1,29,8,4,16,0
"424",7,37,2,1,1,160,56,8,5,4,69,2,70,2,5,5,15,40,20,17,5,1,1,21.55405,4,20,8,1,9,0
"425",2,46,2,5,4,153,50,22,4,2,77,2,70,2,6,1,16,36,5,18,5,0,3,19,6,19,6,4,9,0
"426",8,51,2,5,4,167,82,10,3,3,72,2,70,2,12,1,15,30,12,16,6,0,2,15,2.6724489,22.825521,7,2,9,0
"427",9,25,1,1,1,190,98,8,3,11,51,6,51,11,3,1,16.588694,40,2,19,4,2,1,19,1,20,10,1,15,0
"428",8,26,2,1,1,160,68,9,1,5,57,4,55,2,4,2,18,40,16,20,5,0,1,18,2,19,8,4,11,0
"429",1,49,1,4,4,170,68,7,2,1,96,2,83,2,10,8,18,48,15,21,2,0,1,21.55405,2.6724489,22.825521,8,5,12,1
"430",8,50,1,5,4,188,90,9,3,5,85,7,85,7,4,3,25,62,10,18,5,0,3,25,3,25,8,4,12,0
"431",10,35,1,1,1,172,65,11,3,4,62,12,68,6,3,1,18,8,7,28,5,1,1,21.55405,2.6724489,22.825521,9,4,12,0
"432",8,53,1,4,1,167,85,12,2,5,71.321976,2,85,3,8,4,18,40,3,16,4,1,1,22,3,24,8,5,12,0
"433",9,29,2,7,8,160,56,14,2,7,55,5,52,4,3,2,27,20,1,14,3,1,2,22,2.6724489,22.825521,8,3,14,0
"434",1,38,1,4,4,165,75,13,5,2,60,2,58,2,5,2,17,60,22,17,3,0,1,21,2,23,6,4,9,1
"435",1,38,1,8,4,159,58,12,5,2,71.321976,2,67.737869,2,4,2,16.588694,40,17,21,3,0,0,20,4,21,6,5,9,0
"436",10,30,2,1,1,170,68,17,2,5,60,10,58,8,2,2,23,45,2,24,4,2,2,24,1,27,8,4,17,0
"437",10,45,1,1,1,172,85,14,3,6,71,10,66,8,3,1,27,60,25,18,5,1,2,18,4,19,7,3,17,0
"438",10,62,1,8,2,160,85,4,5,3,85,2,85,2,12,3,19,20,0,19,5,1,2,25,4,25,8,5,15,1
"439",3,37,2,5,4,158,71,18,3,3,62,2,55,2,5,1,23,48,5,18,2,1,1,30,4,22,8,2,17,0
"440",10,25,2,1,1,162,58,25,2,7,53,11,55,11,3,2,16.588694,48,2,23,6,2,1,21.55405,2.6724489,22.825521,9,2,19,0
"441",6,35,2,11,8,160,90,15,3,5,80,2,60,5,9,4,18,60,6,18,4,0,1,21.55405,2,28,8,4,9,0
"442",3,32,2,5,4,154,57,16,5,3,59,2,53,2,7,3,15,48,1,23,2,1,2,18,4,19,6,3,9,0
"443",8,35,2,1,1,155,65,8,2,5,60,2,60,2,3,2,15,40,5,16,4,1,1,24,2,25,6,1,9,0
"444",10,47,1,1,1,172,68,9,1,4,75,6,80,9,5,4,43,40,1,16,5,1,2,20,1,24,8,4,15,0
"445",10,61,1,7,8,170,85,9,2,6,82,4,83,4,4,1,23,40,35,25,6,3,3,26,2,30,8,4,17,0
"446",3,28,2,1,1,156,57,15,4,5,50,4,48,4,3,1,16.588694,60,4,24,5,0,1,21.55405,2.6724489,22.825521,8,4,16,0
"447",8,30,1,5,4,162,83,19,1,3,46,2,48,4,4,3,15,18,12,18,4,1,1,18,2,19,8,1,9,1
"448",10,42,1,8,8,172,102,22,5,5,78,6,74,10,2,2,22,62,15,14,5,1,5,34,2,35,8,4,17,0
"449",6,27,2,5,4,168,57,11,5,3,44,4,67.737869,4,3,3,18,8,3,19,4,1,2,21.55405,2.6724489,22.825521,9,4,10,0
"450",8,35,1,7,1,178,135,21,4,1,68,2,59,4,5,2,25,68,2,8,3,1,2,28,2.6724489,22.825521,6,4,10,1
"451",4,27,1,8,1,180,100,2,2,4,48,98,49,4,3,1,24,50,0,18,2,1,2,22,2,23,8,1,14,0
"452",7,39,2,5,4,169,72,9,2,5,97,3,92,2,4,4,16,48,1,20,4,0,1,21.55405,1,31,7,1,9,0
"453",5,59,1,2,2,160,65,9,2,2,84,2,73,2,6,1,13,48,33,14,6,1,3,14,6,16,3,4,9,0
"454",5,38,1,2,2,166,82,12,5,3,94,2,52,2,4,2,21,40,18,19,4,0,2,18,2,25,8,5,16,0
"455",8,30,2,1,1,165,60,22,4,4,50,6,50,6,3,1,18,36,7,18,4,1,1,20,1,21,8,4,12,0
"456",8,34,2,1,1,162,70,5,2,5,63,2,63,2,6,6,17,45,15,17,3,3,2,18,3,22,6,1,11,0
"457",8,34,2,8,8,155,58,9,2,3,56,6,54,6,2,1,24,40,17,27,3,1,2,28,2.6724489,22.825521,8,4,17,0
"458",5,42,2,7,4,153,49,16,4,6,71.321976,98,65,2,2,1,18,12,4,35,4,0,2,19,3,20,4,3,15,0
"459",9,36,1,1,1,175,73,22,4,7,65,2,63,2,3,3,22,48,4,15,6,1,2,23,3,20,7,4,16,0
"460",8,39,1,5,4,160,95,9,3,4,59,2,58,2,2,1,16,60,19,16,7,2,3,25,1,30,7,4,9,0
"461",8,57,1,8,1,160,72,9,2,4,72,2,68,2,7,1,20,48,19,21,5,1,2,30,3,31,6,4,10,0
"462",9,34,2,7,8,155,80,9,4,5,62,4,58,4,5,4,18,50,7,26,6,1,2,18,1,19,8,4,12,0
"463",10,30,2,1,1,168,68,30,4,6,53,11,52,5,3,1,23,48,5,25,9,2,2,21.55405,2.6724489,22.825521,8,5,16,0
"464",9,41,1,7,6,160,75,9,2,8,67,6,62,6,3,1,25,75,0,15,5,1,1,23,1,23,8,4,16,0
"465",8,47,1,7,1,169,113,30,4,5,72,11,69,11,1,1,25,25,5,26,6,1,2,26,2.6724489,22.825521,8,5,17,1
"466",3,45,1,1,1,173,87,29,5,5,77,2,66,2,6,4,16,40,24,18,3,1,2,22,3,23,7,4,9,0
"467",7,25,1,1,1,162,75,19,5,3,46,2,48,2,3,3,18,48,1,20,3,1,1,22,2.6724489,22.825521,8,1,12,1
"468",6,46,1,1,1,165,80,3,3,5,66,2,64,2,4,3,14,8,6,16,3,1,1,16,5,17,8,2,9,0
"469",9,44,2,5,4,155,65,8,3,4,78,2,70,2,3,2,17,15,1,42,5,2,2,18,2,21,8,1,11,0
"470",10,44,1,3,3,185,85,8,1,4,78,11,77,11,2,1,21,60,22,22,6,2,2,22,2,23,9,1,22,0
"471",8,27,2,7,8,153,87,30,5,1,56,5,51,2,3,2,23,15,3,20,4,0,5,21.55405,2.6724489,22.825521,7,4,12,0
"472",4,45,2,5,4,155,82,10,3,2,63,2,62,2,4,2,12,42,31,12,3,0,2,14,4,15,8,2,6,0
"473",3,28,2,1,1,156,57,15,4,5,50,4,48,4,3,1,16.588694,60,4,24,5,0,1,21.55405,2.6724489,22.825521,8,4,16,0
"474",5,47,1,5,4,185,96,15,4,5,68,6,66,4,3,2,21,30,8,17,7,1,3,21,4,23,7,4,17,0
"475",4,48,1,11,8,168,70,17,4,8,85,2,73,2,6,3,18,72,18,8,4,0,2,25,3,28,8,4,12,0
"476",9,26,1,1,1,170,65,15,1,4,60,11,57,4,2,1,22,48,2,24,5,1,2,21.55405,2.6724489,22.825521,7,4,16,0
"477",7,34,1,9,4,180,105,29,5,4,53,2,52,2,3,1,17,72,3,17,6,1,2,20,1,23,6,4,12,0
"478",10,40,1,3,3,185,90,8,2,5,90,11,85,4,2,2,24,40,12,24,6,2,1,19,1,21,9,1,17,0
"479",7,30,1,1,1,175,80,26,1,4,50,4,48,4,3,2,18,56,9,18,4,2,1,19,2,20,5,1,12,0
"480",1,28,2,5,4,164,84,8,1,2,54,2,56,2,4,3,16,24,3,16,3,0,2,14,4,13,7,1,9,0
"481",6,26,1,1,1,182,58,32,3,3,57,4,62,2,4,3,21,48,0,14,6,0,2,21.55405,2.6724489,22.825521,8,3,16,0
"482",8,34,1,7,4,170,95,14,3,5,79,3,69,3,9,6,23,20,11,12,5,2,1,25,2,22,8,3,17,0
"483",9,53,1,4,4,174,90,14,3,5,82,2,77,2,5,3,23,1,17,18,6,1,2,23,2,30,8,3,17,0
"484",4,25,1,1,1,178,80,14,2,8,59,2,57,4,6,3,19,42,1,25,4,1,2,23,2.6724489,22.825521,7,3,17,0
"485",10,28,1,7,1,190,86,5,3,5,58,2,60,2,3,1,18,48,1,18,3,1,2,21.55405,2.6724489,22.825521,8,1,12,0
"486",7,28,2,1,1,158,80,32,4,3,56,4,46,4,3,1,23,40,2,26,4,0,1,21.55405,2.6724489,22.825521,7,2,16,0
"487",8,44,2,4,8,160,70,15,1,4,97,2,80,2,6,4,14,73,23,14,8,1,1,21.55405,2,19,8,4,9,0
"488",6,33,1,1,1,174,86,30,5,4,58,2,61,2,9,5,18,48,17,16,6,1,2,21,4,22,8,1,14,0
"489",8,25,2,8,8,167,65,15,2,11,71.321976,98,49,10,3,1,25,25,1,18,8,3,4,21.55405,2.6724489,22.825521,6,4,14,0
"490",10,35,1,1,1,175,74,13,1,7,60,6,62,6,3,3,18,48,5,30,3,0,2,33,1,35,8,4,12,0
"491",2,44,1,7,8,160,70,30,5,1,81,2,76,2,8,7,16.588694,10,10,18,2,0,1,23,2,25,7,5,9,0
"492",3,41,2,7,8,160,60,20,5,5,84,2,70,2,3,1,21,48,17,22,4,0,2,21.55405,2.6724489,22.825521,6,5,12,0
"493",10,36,1,7,8,164,60,15,4,3,54,4,52,6,4,2,25,50,10,26,6,2,3,25,2.6724489,22.825521,8,4,17,0
"494",5,43,1,1,4,180,90,14,3,4,93,98,67.737869,98,5,5,19,72,26,19,5,0,3,21.55405,2.6724489,22.825521,8,3,12,0
"495",3,26,2,8,8,158,52,12,2,5,54,6,44,6,2,1,18,50,1,25,6,0,2,20,1,24,8,5,12,0
"496",1,40,2,8,8,150,90,28,3,4,68,98,67,4,7,5,16,63,16,19,3,0,2,21.55405,2,26,8,1,9,0
"497",9,43,2,8,8,160,60,32,3,5,71,2,64,2,3,2,14,7,2,16,5,1,2,21.55405,2.6724489,22.825521,7,3,12,0
"498",6,50,1,1,1,172,75,9,4,4,84,2,68,2,7,6,16.588694,48,20,15,4,0,1,24,3,26,7,4,14,0
"499",8,35,1,4,98,165,78,29,3,3,52,5,53,2,3,1,26,50,16,18,6,1,5,21.55405,2.6724489,22.825521,8,4,17,0
"500",10,50,1,1,1,170,76,8,3,5,75,2,70,2,5,4,20,45,15,22,6,2,2,25,2,25,10,1,16,0
"501",9,45,1,2,2,165,72,10,4,4,71.321976,11,70,2,2,2,22,40,15,24,6,1,1,45,2.6724489,22.825521,8,2,17,0
"502",8,34,1,7,4,170,95,14,3,5,79,3,69,3,9,6,23,20,11,12,5,2,1,25,2,22,8,3,17,0
"503",10,32,2,7,1,162,53,22,4,4,62,3,56,4,2,2,31,46,0,21,5,1,1,21.55405,2.6724489,22.825521,9,4,18,0
"504",10,36,2,7,6,155,63,9,1,5,61,11,63,11,5,2,22,40,10,26,4,1,2,21.55405,2.6724489,22.825521,6,4,15,0
"505",8,25,2,8,8,167,65,15,2,11,71.321976,98,49,10,3,1,25,25,1,18,8,3,4,21.55405,2.6724489,22.825521,6,4,14,0
"506",7,43,2,7,8,150,66,30,5,2,64,2,62,4,3,1,18,8,0,15,4,0,4,24,1,23,7,5,9,0
"507",4,39,2,8,98,158,62,15,5,3,71,4,68,2,3,3,18,58,2,19,4,0,2,25,1,29,7,4,8,0
"508",10,35,1,1,1,175,80,11,2,5,68,11,66,11,3,1,16.588694,54,11,26,5,2,2,27,2,29,9,4,16,0
"509",2,30,2,1,1,150,42,20,5,3,48,2,44,2,7,2,23,48,1,16,4,0,2,29,2.6724489,22.825521,7,5,16,1
"510",10,40,1,8,8,177,77,21,2,5,63,10,64,8,2,1,27,40,8,26,5,2,2,30,2,31,7,4,17,0
"511",9,27,2,2,2,150,51,1,3,5,60,11,54,11,2,1,22,37,15,21,5,3,1,21.55405,2.6724489,22.825521,8,3,16,0
"512",9,25,1,7,8,160,58,15,4,5,51,4,50,5,1,1,23,25,0,25,5,1,1,21.55405,2.6724489,22.825521,9,4,17,0
"513",10,36,1,7,8,186,93,15,2,5,67,2,65,4,5,5,19,48,17,19,8,4,3,20,3,21,10,4,12,0
"514",7,40,1,1,1,166,68,15,4,5,66,4,64,2,4,2,18,50,9,20,5,2,1,22,2,32,9,4,12,0
"515",4,40,1,1,1,176,79,5,3,1,80,98,72,98,7,2,18,75,0,6,5,0,1,22,2,23,6,1,12,0
"516",9,44,2,2,2,160,68,9,3,5,64,9,74,9,4,2,30,40,13,17,5,1,2,20,2,20,8,4,16,0
"517",4,49,1,7,1,163,82,16,4,8,84,2,85,2,11,9,16,40,17,16,4,0,2,38,1,41,8,3,9,0
"518",10,39,2,7,1,168,89,21,2,10,67,4,63,4,5,2,23,30,6,19,5,1,2,24,2.6724489,22.825521,8,4,17,0
"519",5,41,2,5,4,150,80,27,5,2,71.321976,2,60,2,5,2,15,60,6,35,3,0,1,21.55405,2,22,8,5,9,0
"520",10,43,1,7,8,172,73,13,5,3,67,2,63,2,1,1,24,40,18,25,4,1,1,28,1,30,7,4,16,0
"521",5,29,2,5,4,156,50,16,5,3,45,3,46,4,4,1,16,42,10,20,4,1,1,20,1,21,7,3,10,0
"522",9,53,1,1,1,172,80,8,3,3,80,2,80,2,5,3,25,20,3,18,4,2,1,21,2,22,9,1,17,0
"523",10,25,2,1,1,160,58,9,1,4,55,11,50,7,2,2,23,40,2,23,5,1,4,21.55405,2.6724489,22.825521,8,4,17,0
"524",1,35,1,8,8,160,70,5,3,3,66,2,63,2,3,3,15,50,20,17,4,0,2,20,4,20,4,1,9,0
"525",8,51,2,5,4,167,82,10,3,3,72,2,70,2,12,1,15,30,12,16,6,0,2,15,2.6724489,22.825521,7,2,9,0
"526",2,55,1,8,8,169,93,25,5,1,88,2,80,2,7,3,18,21,16,14,3,0,1,26,3,28,7,2,11,1
"527",1,46,2,9,8,169,61,9,2,3,68,2,71,2,1,1,18,15,17,18,3,1,2,20,1,20,8,4,9,0
"528",7,29,2,7,1,154,60,25,2,6,56,2,50,5,2,1,18,10,1,17,6,1,2,20,3,21,8,2,12,0
"529",7,40,1,5,4,162,75,12,5,3,63,2,63,2,2,2,20,48,11,20,4,1,2,28,4,30,6,5,17,0
"530",4,40,1,1,1,168,72,7,5,4,68,2,61,2,7,4,27,41,7,18,5,0,2,21.55405,2.6724489,22.825521,8,5,17,0
"531",5,39,2,1,1,160,80,9,1,2,70,2,65,2,4,4,15,65,1,17,3,0,3,26,3,16,7,4,9,0
"532",3,41,1,10,8,176,88,16,3,4,66,3,66,2,1,1,21,21,7,14,5,1,2,25,1,36,7,3,10,0
"533",1,35,1,7,4,150,70,9,2,5,56,2,54,2,5,3,18,50,12,20,3,0,1,20,2,21,7,4,9,0
"534",6,37,1,8,8,175,80,15,2,3,58,2,57,2,4,2,15,50,21,15,7,0,1,17,3,17,7,4,9,0
"535",1,44,2,4,8,130,66,12,5,3,70,98,68,98,11,6,15,20,0,44,3,0,2,16,7,17,7,5,6,0
"536",3,59,1,1,1,175,82,30,5,2,84,2,72,2,4,1,13,70,8,15,2,0,1,22,1,49,7,5,6,0
"537",8,44,2,4,8,160,70,15,1,4,97,2,80,2,6,4,14,73,23,14,8,1,1,21.55405,2,19,8,4,9,0
"538",4,54,1,8,1,160,85,31,5,5,78,2,78,2,5,4,19,50,27,27,6,0,1,40,4,32,8,5,10,1
"539",4,39,1,7,8,173,120,221,1,2,70,2,69,2,3,1,16.588694,60,11,13,5,1,2,16,6,16,4,1,9,0
"540",10,31,1,1,1,172,70,11,3,5,59,4,56,2,6,2,23,60,5,20,5,1,1,21.55405,2.6724489,22.825521,7,1,17,0
"541",3,40,1,5,4,170,70,11,5,3,66,2,65,2,3,2,15,55,25,16,4,1,2,19,2,19,7,4,9,0
"542",4,31,2,7,1,152,54,30,5,3,66,2,57,4,8,8,15,48,0,19,3,1,2,21,1,22,8,1,9,0
"543",8,39,2,1,1,163,70,26,3,7,60,4,58,4,4,2,18,48,7,32,7,0,2,19,3,19,8,1,12,0
"544",1,42,1,8,8,176,90,30,5,1,78,2,76,2,11,5,13,10,4,13,2,0,2,20,4,20,8,5,9,0
"545",6,30,1,7,8,170,75,30,5,6,75,2,73,2,8,8,18,84,5,25,4,0,2,21.55405,2.6724489,22.825521,10,4,12,0
"546",6,28,1,9,8,157,60,31,2,3,57,2,55,2,3,2,12,49,2,13,3,0,2,21.55405,2.6724489,22.825521,9,5,6,0
"547",7,27,1,7,8,182,110,30,2,5,59,4,54,2,2,2,23,35,0,24,5,1,3,21.55405,2.6724489,22.825521,11,5,16,0
"548",7,54,2,8,98,165,70,11,2,6,86,98,67.737869,2,6,6,14,4,27,24,9,1,2,21.55405,2.6724489,22.825521,8,4,9,0
"549",8,26,1,5,4,171,80,15,2,2,45,2,46,3,3,2,16,40,4,13,7,1,7,21.55405,2.6724489,22.825521,7,4,9,0
"550",1,28,1,1,1,165,73,20,5,5,47,5,52,2,3,1,18,120,5,20,2,0,3,21.55405,2.6724489,22.825521,7,5,9,0
"551",10,41,2,1,1,163,90,10,2,7,80,4,79,8,7,6,25,48,8,17,5,1,2,37,1,38,8,2,17,0
"552",10,39,1,1,1,175,76,11,3,5,62,6,60,6,2,1,16.588694,10,4,30,5,1,1,26,1,27,8,4,14,0
"553",8,48,1,1,1,163,82,19,3,3,75,2,68,2,7,3,20,48,32,25,3,1,1,18,2,20,8,1,9,0
"554",4,28,1,4,8,173,78,27,5,2,64,4,64,2,2,2,16,60,1,17,3,0,2,17,3,18,6,5,9,0
"555",7,36,1,2,2,176,98,11,4,5,61,2,59,4,3,1,22,40,10,19,4,1,2,24,1,27,4,3,16,0
"556",6,32,1,8,4,179,75,13,3,3,60,6,63,4,4,3,19,80,0,20,6,1,2,25,2,26,8,4,12,1
"557",10,64,1,7,8,165,71,9,3,6,71.321976,11,67.737869,4,4,1,22,50,35,25,9,3,2,22,3,25,9,4,16,0
"558",3,29,1,7,8,190,90,22,5,2,56,2,53,2,7,2,12,60,8,15,4,0,2,21.55405,2.6724489,22.825521,10,4,6,0
"559",2,26,2,4,8,160,50,5,3,5,62,98,70,98,8,8,15,12,0,14,3,0,2,19,1,21,7,1,9,0
"560",9,25,2,1,1,165,60,14,3,3,39,4,39,6,2,1,21,56,2,17,9,5,5,21.55405,1,20,8,3,12,0
"561",3,34,1,5,4,160,59,21,5,5,65,2,55,98,6,3,17,50,0,19,3,0,2,22,2,25,5,4,9,0
"562",5,43,2,5,4,144,74,29,4,7,88,98,77,2,8,8,18,84,25,18,5,0,3,21.55405,2.6724489,22.825521,8,4,9,1
"563",5,47,1,1,1,155,68,25,4,5,71.321976,98,67.737869,98,8,6,15,50,11,15,3,0,1,27,3,28,7,1,9,0
"564",5,37,2,1,1,159,85,16,3,4,60,98,59,2,3,1,25,40,17,25,3,1,2,27,1,31,7,3,17,0
"565",2,36,1,1,1,170,66,20,1,2,82,2,65,2,3,2,18,72,2,22,2,0,1,34,1,35,6,5,12,0
"566",4,35,1,7,1,160,70,29,5,6,80,2,72,2,10,10,25,40,10,26,4,0,2,29,2,30,8,4,16,0
"567",9,54,2,7,1,160,63,30,5,5,97,2,79,2,4,3,18,27,46,8,5,1,3,21,2,22,8,5,12,0
"568",8,25,2,2,2,170,70,2,2,3,43,11,44,2,3,2,15,40,17,17,3,1,1,21.55405,2.6724489,22.825521,10,1,12,0
"569",6,30,1,1,1,175,90,24,4,9,52,4,59,11,4,3,15,48,0,17,8,1,1,18,1,27,7,3,9,0
"570",9,46,1,1,1,178,80,15,2,4,65,6,64,6,3,2,18,40,25,20,4,1,1,23,2,23,7,4,16,0
"571",9,50,2,8,8,165,65,16,4,5,85,2,85,2,6,3,18,24,42,15,3,0,2,19,3,19,5,3,9,0
"572",1,25,1,7,4,168,66,7,4,4,48,3,45,2,6,6,21,40,3,21,2,0,1,21,1,23,8,5,17,1
"573",4,35,1,8,8,175,89,2,3,3,75,2,55,2,7,7,16,15,19,22,2,0,2,26,2.6724489,22.825521,8,1,9,0
"574",10,27,1,7,8,173,64,14,2,6,55,11,55,11,4,3,23,30,2,16,3,1,3,21.55405,2.6724489,22.825521,8,3,16,0
"575",8,46,1,5,4,175,90,21,4,5,97,2,85,9,4,4,14,40,3,14,6,2,3,21.55405,2.6724489,22.825521,7,4,6,0
"576",6,25,1,1,1,162,52,23,3,3,45,3,48,3,2,1,23,56,0,21,3,0,2,23,2.6724489,22.825521,7,5,16,0
"577",8,29,1,5,4,160,70,11,2,2,47,4,50,4,2,1,15,10,1,15,5,0,0,20,1,23,8,4,9,0
"578",10,40,2,1,1,155,58,9,1,6,72,6,63,6,2,2,18,60,7,20,5,0,1,25,1,24,6,4,12,0
"579",3,34,1,7,8,162,75,20,4,4,66,3,60,2,8,4,25,60,12,25,8,0,5,21.55405,2.6724489,22.825521,3,5,17,0
"580",4,26,1,1,1,168,65,26,1,4,47,5,45,4,5,1,16,48,3,19,5,1,2,21.55405,2.6724489,22.825521,7,1,9,0
"581",2,27,1,8,8,175,95,15,3,6,69,2,64,4,2,2,24,36,5,12,6,0,4,21.55405,2.6724489,22.825521,8,4,14,0
"582",9,29,1,7,1,187,77,18,5,4,70,6,54,6,2,1,24,42,1,14,2,2,1,24,2,25,6,2,14,0
"583",4,30,1,2,2,165,65,7,4,3,58,2,56,2,5,4,21,30,3,22,2,0,1,24,1,25,8,5,16,0
"584",5,36,2,5,4,158,68,11,3,2,68,2,65,2,1,1,15,7,15,21,3,1,1,21.55405,2.6724489,22.825521,7,4,9,0
"585",6,33,1,1,1,174,86,30,5,4,58,2,61,2,9,5,18,48,17,16,6,1,2,21,4,22,8,1,14,0
"586",8,25,2,8,8,167,65,15,2,11,71.321976,98,49,10,3,1,25,25,1,18,8,3,4,21.55405,2.6724489,22.825521,6,4,14,0
"587",2,35,2,5,4,171,60,17,5,4,60,2,57,2,5,3,15,51,1,16,4,0,2,18,2,30,8,4,9,0
"588",7,64,2,4,8,165,70,21,3,7,71.321976,2,67.737869,2,10,8,10,5,5,54,4,0,1,23,3,23,8,4,6,0
"589",1,36,1,7,4,180,100,22,4,5,69,2,65,2,6,4,24,45,2,25,3,2,1,28,2.6724489,22.825521,7,4,17,0
"590",6,44,1,1,1,158,70,11,3,4,71.321976,2,67.737869,1,2,1,10,10,12,15,4,1,1,20,1,22,8,4,8,0
"591",6,43,1,1,1,173,89,19,1,4,75,2,68,2,3,2,18,48,2,17,4,1,2,27,2,31,8,1,10,0
"592",7,36,1,7,4,152,75,30,4,4,58,10,52,4,6,1,24,42,0,20,2,0,1,30,2,26,7,5,15,0
"593",10,34,1,7,6,167,72,19,3,5,70,4,64,4,2,1,25,62,12,22,7,1,1,21.55405,2.6724489,22.825521,7,1,18,0
"594",5,35,1,1,1,170,92,31,3,1,77,2,70,2,2,2,24,48,3,18,2,0,1,22,4,22,8,5,11,1
"595",9,33,2,2,2,162,70,14,2,3,85,2,80,2,10,10,32,40,8,25,6,1,3,24,4,24,8,3,16,0
"596",10,40,1,1,1,160,84,11,5,2,67,2,67,2,3,2,18,56,22,18,5,1,1,23,4,24,7,4,12,0
"597",9,52,1,1,1,169,62,9,4,10,87,4,80,4,8,3,17,36,3,18,10,1,3,21.55405,2.6724489,22.825521,6,4,15,0
"598",7,42,1,1,1,175,85,11,5,3,70,4,52,4,4,2,21,40,16,26,3,1,1,28,1,21,7,4,12,0
"599",3,25,2,1,1,160,75,11,2,2,51,2,50,2,6,5,14,10,2,15,2,0,2,18,2,17,8,4,9,0
"600",9,27,1,7,4,170,86,9,2,4,55,2,51,5,4,2,24,48,3,15,5,2,2,21.55405,1,27,6,4,12,0
"601",3,30,2,5,4,160,70,30,4,3,63,2,57,2,3,1,14,18,3,27,2,0,2,14,4,14,5,5,9,0
"602",6,40,1,7,4,165,69,14,2,4,77,4,68,4,5,4,22,3,15,22,3,1,2,31,2,32,4,3,17,0
"603",10,35,1,1,1,178,96,28,3,11,64,98,63,7,3,3,25,48,7,27,6,1,2,25,2,26,8,1,16,0
"604",10,35,2,7,8,165,70,15,3,6,54,6,53,5,4,2,18,72,13,22,6,1,3,22,3,29,9,4,15,0
"605",6,26,2,1,1,162,62,24,2,3,50,5,47,5,4,2,16.588694,15,2,17,4,1,3,23,1,24,8,3,13,0
"606",7,38,1,8,4,174,102,12,3,9,58,11,57,11,3,1,23,46,10,23,5,2,2,24,2,25,8,3,17,0
"607",10,40,1,3,3,183,85,15,3,5,65,4,64,4,4,1,24,80,15,18,7,1,2,28,2,31,6,4,16,0
"608",10,29,1,1,1,168,68,11,3,4,50,4,50,4,1,1,18,8,10,19,5,1,1,21.55405,2.6724489,22.825521,8,4,12,1
"609",8,49,1,1,1,187,97,19,3,4,96,2,89,2,2,1,19,6,31,26,4,1,1,22,1,23,10,1,12,0
"610",10,35,2,1,1,163,55,15,2,5,68,4,69,4,4,4,22,70,10,25,5,1,2,26,1,28,6,4,16,0
"611",4,41,1,1,1,168,78,9,2,4,61,2,60,2,6,1,17,42,1,17,5,1,2,21,4,22,7,3,11,0
"612",8,44,2,1,1,163,50,24,2,3,59,4,56,2,3,1,16.588694,33,8,19,4,1,2,35,3,36,7,3,14,0
"613",9,28,2,1,1,158,62,30,5,4,62,6,50,11,3,1,25,20,5,23,5,0,3,24,1,24,5,5,16,0
"614",10,38,1,1,1,165,79,31,3,3,68,2,62,2,3,2,23,40,6,18,3,1,1,20,1,21,9,5,16,0
"615",7,45,1,2,2,175,105,9,2,4,66,4,68,2,4,1,17,50,27,18,4,1,2,21,3,22,7,4,11,0
"616",1,34,1,1,1,160,60,24,5,2,78,2,71,2,10,4,16,56,0,12,1,0,1,27,2,27,6,3,9,0
"617",6,41,2,8,1,160,89,5,3,5,72,2,61,11,1,1,16,66,9,19,6,1,2,16,2,16,9,1,12,0
"618",8,27,1,8,8,168,64,22,2,4,49,10,49,10,2,2,26,40,1,18,4,2,2,21.55405,2.6724489,22.825521,7,4,16,0
"619",5,25,1,1,1,170,60,19,1,5,55,9,53,2,2,2,16,45,17,16,4,0,3,21.55405,2.6724489,22.825521,7,1,12,0
"620",10,44,1,7,6,169,75,17,3,7,75,2,75,2,6,3,23,48,19,24,7,2,2,25,2,27,8,4,16,0
"621",6,51,2,7,8,142,60,21,3,7,84,2,69,2,6,3,15,20,15,22,7,0,5,24,1,24,7,4,6,0
"622",4,53,1,10,7,174,94,15,5,3,79,2,71,2,6,3,15,56,2,16,4,0,1,18,3,19,5,4,9,0
"623",2,27,1,8,8,175,95,15,3,6,69,2,64,4,2,2,24,36,5,12,6,0,4,21.55405,2.6724489,22.825521,8,4,14,0
"624",8,26,1,5,4,171,80,15,2,2,45,2,46,3,3,2,16,40,4,13,7,1,7,21.55405,2.6724489,22.825521,7,4,9,0
"625",10,28,2,1,1,168,76,19,4,5,55,5,54,5,2,1,18,48,5,19,5,2,3,21.55405,2.6724489,22.825521,8,1,12,0
"626",5,28,2,8,8,163,66,12,4,1,46,2,49,4,4,1,16,6,1,11,3,0,2,18,3,18,6,5,9,0
"627",3,25,1,4,4,193,100,20,5,3,58,6,50,6,2,2,18,40,4,20,3,0,1,21.55405,2.6724489,22.825521,9,5,12,0
"628",9,25,2,1,1,159,61,15,1,5,60,6,60,6,3,3,23,40,4,17,5,1,3,21.55405,2.6724489,22.825521,8,4,17,0
"629",7,27,2,1,1,162,60,1,3,5,62,11,63,11,2,1,16.588694,45,2,24,4,1,1,27,2.6724489,22.825521,6,3,15,1
"630",9,25,2,1,1,159,61,15,1,5,60,6,60,6,3,3,23,40,4,17,5,1,3,21.55405,2.6724489,22.825521,8,4,17,0
"631",9,36,1,7,8,173,77,9,2,5,72,11,70,11,2,2,26,70,9,26,5,1,3,21.55405,2.6724489,22.825521,8,4,16,0
"632",6,53,2,5,4,153,66,13,5,5,84,2,72,2,4,1,18,70,20,25,7,2,4,18,3,19,8,4,12,0
"633",6,28,1,2,2,172,60,12,4,4,55,4,54,6,3,3,22,19,3,17,1,0,1,23,2,23,9,5,16,0
"634",1,25,1,1,1,179,85,13,4,4,56,3,59,2,5,3,14,56,6,16,7,0,1,18,1,19,5,2,6,0
"635",3,27,2,5,4,155,50,8,1,3,51,4,46,4,5,3,22,48,1,22,3,0,2,21,1,22,7,1,15,0
"636",10,40,1,1,1,190,90,8,2,5,70,11,70,9,1,1,22,60,18,25,6,3,1,20,2,23,8,1,17,0
"637",4,28,2,5,4,153,68,22,5,3,74,4,54,4,5,3,15,12,7,18,3,0,2,15,4,16,7,3,9,0
"638",7,30,1,7,8,160,62,20,5,3,68,2,53,2,6,6,15,70,0,17,4,1,2,27,1,28,6,5,9,0
"639",9,25,1,7,8,169,78,31,3,7,65,11,51,8,2,2,24,48,0,18,7,1,1,21.55405,2,21,6,5,13,0
"640",9,42,1,7,8,165,68,21,2,8,68,6,67,4,3,2,29,60,11,18,3,1,1,30,3,33,6,4,18,0
"641",3,30,2,5,4,160,70,30,4,3,63,2,57,2,3,1,14,18,3,27,2,0,2,14,4,14,5,5,9,0
"642",3,44,2,1,1,149,79,6,4,2,68,2,63,2,3,1,15,45,1,17,2,0,2,18,3,19,6,3,9,0
"643",7,51,1,1,1,165,65,9,2,13,78,4,78,2,11,5,23,40,15,17,7,1,2,23,3,26,8,4,15,0
"644",7,52,1,7,8,173,81,20,5,4,70,2,67,2,4,2,15,36,15,15,5,1,1,23,3,25,5,5,9,0
"645",10,46,1,1,1,179,80,1,3,6,78,11,76,11,1,1,26,30,18,19,4,1,1,27,2,28,8,3,16,0
"646",10,29,1,1,1,185,83,15,2,5,61,2,53,2,2,1,25,60,3,26,5,1,2,27,2,28,8,4,17,0
"647",10,39,1,7,8,160,100,15,3,7,76,4,60,4,3,2,18,60,0,14,4,3,2,16,2,19,8,4,12,0
"648",6,26,1,7,7,172,75,21,3,3,59,2,47,2,4,3,16.588694,30,1,19,3,1,4,21.55405,2.6724489,22.825521,8,4,15,0
"649",6,34,1,1,1,175,80,24,4,3,58,2,54,2,4,1,18,48,2,19,4,0,1,24,2,26,6,3,10,0
"650",7,28,1,7,2,165,64,27,5,4,50,11,50,2,2,1,24,60,3,12,4,1,3,25,1,25,8,5,17,0
"651",9,40,2,1,1,150,57,1,4,6,77,98,75,98,7,7,22,30,17,22,4,1,2,22,2,23,7,3,16,0
"652",2,54,2,1,8,155,65,24,5,4,75,2,70,2,6,1,14,84,27,30,6,1,1,20,2.6724489,22.825521,7,3,6,0
"653",4,34,1,2,2,177,87,12,3,2,58,6,55,11,2,1,20,48,5,21,2,0,2,25,2,27,6,5,12,0
"654",10,60,2,7,8,161,65,15,2,4,97,9,80,2,8,2,18,14,35,25,5,2,2,22,2,23,4,4,12,0
"655",5,37,1,1,1,165,79,31,3,3,59,2,57,7,6,2,16.588694,39,5,7,2,0,1,32,2.6724489,22.825521,5,5,10,0
"656",9,50,1,1,1,175,78,9,3,6,74,2,70,2,9,1,22,40,25,15,7,1,3,22,3,19,10,4,16,0
"657",6,30,1,7,8,170,75,30,5,6,75,2,73,2,8,8,18,84,5,25,4,0,2,21.55405,2.6724489,22.825521,10,4,12,0
"658",10,27,2,10,7,160,58,8,3,5,58,2,56,4,4,3,18,48,5,22,5,2,2,18,2,18,8,1,12,0
"659",3,35,2,1,1,160,75,26,4,2,58,2,55,2,4,2,15,48,18,15,3,1,1,22,4,23,7,1,6,1
"660",4,28,1,5,4,167,79,26,5,2,52,4,50,4,4,2,15,48,2,18,3,1,1,20,2,20,6,1,9,0
"661",5,37,1,7,98,175,76,9,2,2,63,4,62,2,3,2,17,15,9,13,3,0,2,33,1,33,8,4,12,0
"662",5,31,1,5,4,172,80,21,1,3,56,6,54,4,2,2,18,6,0,18,5,0,2,20,1,20,6,4,12,0
"663",6,26,1,1,1,170,80,21,3,5,46,2,47,4,2,1,16.588694,48,3,18,6,0,3,24,2,24,8,4,21,0
"664",9,46,1,1,1,178,80,15,2,4,65,6,64,6,3,2,18,40,25,20,4,1,1,23,2,23,7,4,16,0
"665",1,26,1,5,4,168,65,24,5,1,73,2,54,2,3,3,18,40,6,20,3,0,2,18,1,18,7,3,12,1
"666",10,27,1,7,8,173,64,14,2,6,55,11,55,11,4,3,23,30,2,16,3,1,3,21.55405,2.6724489,22.825521,8,3,16,0
"667",7,44,2,8,8,150,70,16,4,4,70,2,68,2,4,2,18,40,10,26,4,0,1,19,3,20,8,3,12,0
"668",7,35,2,5,4,170,70,11,2,4,60,2,58,2,5,4,23,8,3,22,5,1,1,23,2,24,10,4,17,0
"669",7,25,1,1,1,167,86,14,4,3,65,2,58,2,9,7,9,46,11,15,2,0,2,16,2,17,5,3,2,0
"670",3,45,2,5,4,155,80,10,4,3,79,2,70,2,7,1,12,60,10,19,5,0,1,21.55405,4,23,6,1,6,0
"671",5,54,2,7,1,165,78,28,5,2,97,2,95,9,14,14,10,9,7,35,3,1,2,27,4,28,6,1,3,0
"672",6,51,2,8,8,154,56,4,4,4,91,2,71,2,6,6,19,21,17,19,5,0,2,20,3,20,9,5,16,0
"673",4,25,1,5,4,170,90,31,4,3,47,2,44,4,3,1,19,70,2,20,2,1,1,19,2,20,8,5,12,0
"674",3,25,1,1,1,173,76,14,5,2,50,4,49,2,6,6,18,72,2,18,2,0,1,22,1,23,6,3,12,0
"675",6,31,1,7,4,156,65,31,4,1,71.321976,4,67.737869,10,5,1,24,10,4,19,4,2,4,21.55405,2.6724489,22.825521,8,5,16,1
"676",9,48,1,1,1,180,80,9,4,5,72,2,70,2,3,2,22,63,22,22,6,1,1,22,2,27,8,4,17,0
"677",2,34,1,5,4,150,75,16,5,3,60,2,60,2,12,12,22,40,22,10,4,0,2,21.55405,3,17,7,3,9,0
"678",9,48,1,1,1,170,80,16,5,3,65,2,62,2,10,6,6,40,3,14,5,1,2,20,4,28,8,3,6,0
"679",8,26,1,8,8,167,65,12,4,3,50,2,48,2,4,4,21,40,2,18,5,2,3,21.55405,2.6724489,22.825521,7,5,12,0
"680",6,34,1,11,8,170,100,16,5,4,60,2,57,2,9,5,17,60,1,19,3,1,1,22,4,23,8,4,12,0
"681",2,42,2,5,5,149,54,21,5,3,83,2,74,2,9,8,12,50,14,16,3,0,2,19,3,20,6,4,6,1
"682",2,42,1,2,2,172,84,26,2,5,71.321976,2,67,2,3,2,18,40,22,25,5,0,1,21.55405,2.6724489,22.825521,7,1,12,0
"683",4,43,2,4,8,155,105,27,2,1,84,2,78,2,7,5,15,15,3,16,2,0,3,15,1,16,6,5,9,0
"684",3,27,1,7,6,175,77,18,4,4,47,4,44,4,2,1,16,48,2,19,2,0,2,24,2.6724489,22.825521,7,2,9,0
"685",8,29,1,5,4,160,70,11,2,2,47,4,50,4,2,1,15,10,1,15,5,0,0,20,1,23,8,4,9,0
"686",1,53,1,5,4,165,88,9,3,3,71.321976,98,78,98,9,4,14,72,27,12,2,0,2,20,3,20,4,4,8,1
"687",8,33,2,2,2,154,52,18,3,2,62,10,55,4,4,4,26,46,8,27,3,0,2,25,1,28,7,2,16,0
"688",5,44,2,1,1,165,86,19,4,2,66,2,60,2,4,1,12,56,5,12,4,1,3,18,3,18,9,1,6,0
"689",3,28,2,5,4,160,70,16,5,3,48,2,49,2,4,1,15,48,0,15,3,0,1,19,1,20,7,3,9,0
"690",9,33,2,2,2,162,70,14,2,3,85,2,80,2,10,10,32,40,8,25,6,1,3,24,4,24,8,3,16,0
"691",3,44,2,1,1,150,64,13,5,4,74,2,68,2,4,2,20,98,0,20,4,0,1,21,3,22,8,4,15,0
"692",1,40,1,5,4,167,92,7,2,15,68,2,57,2,8,2,6,36,0,18,3,0,1,18,2.6724489,22.825521,8,5,6,0
"693",7,36,1,7,4,152,75,30,4,4,58,10,52,4,6,1,24,42,0,20,2,0,1,30,2,26,7,5,15,0
"694",7,25,1,1,1,183,100,14,5,4,48,2,48,2,2,2,16.588694,60,0,15,3,1,2,21.55405,2.6724489,22.825521,8,1,14,0
"695",4,27,1,5,8,170,80,1,4,3,56,2,50,3,1,1,15,48,3,15,3,1,1,26,1,27,7,3,9,0
"696",4,40,2,5,4,163,65,13,5,5,61,3,59,3,3,1,18,48,2,15,4,1,3,21.55405,1,34,7,4,10,0
"697",7,40,1,7,8,167,118,9,2,2,66,2,66,2,4,1,18,66,20,20,6,1,1,28,2,29,4,4,11,0
"698",9,29,2,1,1,160,87,28,3,2,50,4,48,2,4,1,17,36,3,19,6,1,1,21.55405,3,17,6,1,11,0
"699",7,30,1,1,1,175,85,26,1,3,55,11,50,5,3,1,15,50,12,18,5,1,1,19,2,20,6,1,9,0
"700",8,36,2,1,1,173,78,22,4,5,60,5,61,4,2,2,25,50,2,20,5,0,3,21.55405,2.6724489,22.825521,7,4,16,0
"701",6,32,2,5,1,161,85,28,3,6,62,2,62,7,1,1,25,10,8,12,5,1,2,21,3,21,8,1,16,0
"702",9,27,1,1,1,178,90,17,3,9,58,10,55,10,4,2,16.588694,30,3,18,9,2,2,21.55405,2.6724489,22.825521,8,4,13,0
"703",9,35,2,1,1,158,60,13,5,6,55,2,45,4,3,1,23,50,0,16,7,2,2,18,1,29,10,4,17,0
"704",3,27,2,4,4,150,63,30,5,3,56,2,54,2,4,3,19,9,3,14,4,1,2,19,2,20,8,5,12,1
"705",10,28,1,7,98,178,70,19,1,7,55,11,60,8,4,3,25,40,3,24,8,2,2,21.55405,2.6724489,22.825521,8,1,16,0
"706",9,26,1,1,1,170,65,15,1,4,60,11,57,4,2,1,22,48,2,24,5,1,2,21.55405,2.6724489,22.825521,7,4,16,0
"707",4,28,1,1,1,180,98,19,1,5,60,10,55,6,3,2,19,134,2,18,5,0,3,22,2.6724489,22.825521,8,1,12,0
"708",5,62,1,1,1,168,75,26,3,4,71.321976,2,67.737869,2,5,4,15,48,40,20,5,1,2,20,2,24,8,1,9,0
"709",6,37,1,8,8,175,80,15,2,3,58,2,57,2,4,2,15,50,21,15,7,0,1,17,3,17,7,4,9,0
"710",8,25,2,8,8,167,65,15,2,11,71.321976,98,49,10,3,1,25,25,1,18,8,3,4,21.55405,2.6724489,22.825521,6,4,14,0
"711",8,43,1,1,1,175,85,24,5,3,75,2,73,2,4,1,18,60,7,18,5,2,2,23,2.6724489,22.825521,6,3,12,0
"712",9,32,2,1,1,167,83,30,5,7,56,11,56,11,3,1,23,30,1,23,7,1,2,23,1,30,8,5,16,0
"713",4,40,1,8,8,165,56,13,4,5,75,2,69,2,9,5,25,40,12,16,4,0,3,37,1,37,8,4,12,0
"714",4,42,1,11,1,165,76,15,2,4,75,2,67,2,3,2,37,10,6,18,5,1,1,30,2,29,9,4,16,0
"715",8,34,2,8,8,163,78,9,3,6,71.321976,2,67.737869,2,3,3,18,82,6,20,6,0,1,22,1,16,7,4,12,0
"716",10,53,1,2,2,175,75,9,3,2,88,2,83,4,5,3,25,48,12,35,5,1,1,21.55405,2.6724489,22.825521,8,4,16,0
"717",4,25,2,1,1,155,48,8,5,5,48,2,45,2,4,4,15,30,5,20,5,0,2,18,1,18,8,1,9,0
"718",9,26,1,1,1,170,90,23,5,5,71.321976,2,67.737869,2,3,1,17,72,0,18,4,0,1,18,2,23,7,5,10,0
"719",9,27,1,8,1,183,98,28,3,6,56,6,56,6,6,4,23,72,1,24,6,1,2,24,3,24,8,1,12,0
"720",9,41,1,1,1,174,90,5,3,4,64,2,59,8,4,1,19,48,7,17,8,1,2,20,3,21,9,1,12,0
"721",7,53,2,5,4,150,78,20,3,4,83,6,82,10,7,3,16,28,10,33,6,0,2,21.55405,2.6724489,22.825521,7,5,9,0
"722",7,54,2,1,1,160,54,14,5,3,96,2,89,2,12,3,12,6,4,15,4,1,2,22,3,28,7,3,6,0
"723",10,26,1,1,1,171,64,1,3,5,55,11,56,6,3,1,24,45,0,17,3,0,4,24,1,26,8,3,17,0
"724",10,40,1,7,8,175,82,21,2,7,89,11,89,2,7,7,34,40,14,18,5,2,2,40,1,31,8,4,18,0
"725",1,30,2,4,4,140,55,7,1,2,62,2,63,2,3,3,23,48,20,12,3,0,2,21.55405,3,26,4,5,12,0
"726",8,31,2,1,1,154,54,22,3,7,55,4,54,4,4,1,28,48,2,14,4,0,2,22,2,22,8,4,15,0
"727",6,44,1,1,1,158,70,11,3,4,71.321976,2,67.737869,1,2,1,10,10,12,15,4,1,1,20,1,22,8,4,8,0
"728",3,25,1,1,1,159,65,15,5,4,50,6,49,4,4,3,15,18,4,16,5,0,3,21.55405,2.6724489,22.825521,8,4,9,0
"729",10,40,1,2,8,190,110,9,3,10,65,12,76,6,3,1,23,40,1,18,4,1,2,30,2,33,8,4,15,1
"730",4,37,2,1,1,164,72,13,3,4,60,2,55,2,2,1,15,54,5,18,4,0,1,28,1,29,8,4,10,0
"731",10,25,1,7,8,180,78,15,3,6,55,11,55,6,2,2,22,40,2,23,7,1,2,21.55405,2.6724489,22.825521,10,4,16,0
"732",10,35,1,1,1,172,75,19,2,6,65,2,65,2,2,2,24,60,12,24,8,2,2,26,2,27,7,1,17,0
"733",6,43,1,7,8,175,80,28,3,4,66,2,65,3,1,1,23,50,22,22,4,1,1,21.55405,2.6724489,22.825521,8,1,16,0
"734",4,52,1,1,1,166,90,14,2,3,72,2,67,2,3,1,15,10,10,14,4,0,2,20,2,21,8,3,9,0
"735",9,56,1,4,1,179,79,18,5,4,71.321976,2,67.737869,2,3,2,16,10,3,12,6,0,2,28,2,25,7,3,12,0
"736",4,42,1,1,1,170,92,25,5,3,64,2,62,2,7,1,15,64,18,16,5,1,1,22,2,23,6,2,12,0
"737",10,44,1,7,2,164,64,16,5,6,65,11,61,7,5,1,44,55,27,18,5,1,4,23,4,24,4,3,12,1
"738",7,42,1,7,4,164,98,29,3,5,65,2,66,2,7,2,15,65,6,17,5,1,2,26,2,28,9,4,9,0
"739",3,28,2,1,1,156,57,15,4,5,50,4,48,4,3,1,16.588694,60,4,24,5,0,1,21.55405,2.6724489,22.825521,8,4,16,0
"740",8,26,1,5,4,171,80,15,2,2,45,2,46,3,3,2,16,40,4,13,7,1,7,21.55405,2.6724489,22.825521,7,4,9,0
"741",10,29,1,5,4,182,95,15,1,6,59,2,55,4,4,2,16,65,10,19,6,1,1,20,2,21,8,4,9,0
"742",10,62,1,1,1,164,80,15,2,7,86,5,75,4,4,2,16.588694,51,40,20,5,2,2,20,3,20,9,4,16,0
"743",6,40,1,7,4,165,69,14,2,4,77,4,68,4,5,4,22,3,15,22,3,1,2,31,2,32,4,3,17,0
"744",4,38,1,7,8,175,64,24,4,3,58,2,58,2,6,1,13,50,17,20,4,0,1,20,2,22,7,3,6,0
"745",9,25,2,1,1,165,60,14,3,3,39,4,39,6,2,1,21,56,2,17,9,5,5,21.55405,1,20,8,3,12,0
"746",4,26,1,7,4,170,72,17,4,3,50,5,45,4,3,3,18,65,9,18,4,1,1,21.55405,2.6724489,22.825521,8,4,11,0
"747",8,25,1,1,1,180,76,15,1,7,51,4,49,6,4,3,16.588694,36,0,14,10,1,3,21.55405,2.6724489,22.825521,8,4,14,0
"748",7,39,1,1,1,165,70,19,5,2,77,2,61,2,8,5,15,48,17,17,3,1,1,25,2,25,6,1,9,0
"749",7,25,1,1,1,163,73,19,3,3,48,2,48,2,3,3,15,18,3,17,3,1,1,18,1,21,8,1,12,0
"750",8,26,1,1,1,160,90,25,2,5,56,6,54,11,3,2,17,48,1,16,3,0,2,25,2.6724489,22.825521,8,2,11,0
"751",9,58,2,1,1,150,54,9,3,7,86,2,87,5,4,2,23,4,0,20,4,0,1,23,2,26,6,4,12,0
"752",2,25,1,5,4,170,75,15,4,2,50,2,50,2,2,1,19,30,7,16,3,0,1,21.55405,2.6724489,22.825521,8,4,12,0
"753",7,27,1,7,8,182,110,30,2,5,59,4,54,2,2,2,23,35,0,24,5,1,3,21.55405,2.6724489,22.825521,11,5,16,0
"754",8,25,1,1,1,176,85,13,3,6,45,11,43,5,3,2,18,40,5,14,4,2,1,19,1,24,9,4,12,0
"755",4,40,1,8,8,165,56,13,4,5,75,2,69,2,9,5,25,40,12,16,4,0,3,37,1,37,8,4,12,0
"756",6,44,1,7,8,170,84,9,4,5,72,2,61,2,6,2,24,15,20,19,5,0,2,32,2.6724489,22.825521,7,4,16,0
"757",8,35,1,7,1,178,135,21,4,1,68,2,59,4,5,2,25,68,2,8,3,1,2,28,2.6724489,22.825521,6,4,10,1
"758",4,42,1,11,1,165,76,15,2,4,75,2,67,2,3,2,37,10,6,18,5,1,1,30,2,29,9,4,16,0
"759",5,25,2,5,4,165,65,7,4,3,43,2,43,2,4,2,17,45,19,17,2,0,1,16,2,18,7,5,9,0
"760",9,54,1,1,1,180,94,12,2,1,94,4,94,6,4,3,26,48,26,27,6,1,1,36,2,37,8,5,17,0
"761",5,40,2,1,1,158,55,11,3,6,71.321976,2,67.737869,4,4,3,16,7,11,25,5,0,1,21.55405,2.6724489,22.825521,8,4,9,0
"762",3,40,1,1,1,170,80,9,1,4,66,2,65,2,3,2,17,48,14,18,3,0,1,20,2,20,7,4,9,0
"763",8,34,1,7,4,170,95,14,3,5,79,3,69,3,9,6,23,20,11,12,5,2,1,25,2,22,8,3,17,0
"764",2,40,1,1,1,165,80,11,4,5,67,2,63,2,4,4,23,50,4,18,5,1,2,22,2,23,6,4,17,0
"765",5,42,1,5,4,178,80,21,3,4,71.321976,2,62,2,6,3,16,20,22,18,5,0,1,21.55405,2.6724489,22.825521,9,4,9,0
"766",8,56,1,3,3,178,100,30,2,4,84,2,78,2,9,4,26,48,14,17,3,1,1,25,3,26,6,5,17,0
"767",7,46,2,1,1,158,55,11,3,4,83,6,75,4,4,3,15,5,2,44,4,1,2,25,1,30,8,4,9,0
"768",4,42,2,4,4,156,70,30,5,3,63,2,63,2,3,1,15,60,3,20,4,1,2,16,3,17,7,4,9,0
"769",3,26,1,8,8,180,80,20,4,3,62,4,54,6,3,1,25,30,6,20,3,0,2,21.55405,2.6724489,22.825521,8,5,17,0
"770",7,54,1,1,1,165,58,9,2,4,54,4,54,4,8,3,15,50,37,17,5,0,1,22,2,23,8,4,9,0
"771",10,39,1,7,8,160,100,15,3,7,76,4,60,4,3,2,18,60,0,14,4,3,2,16,2,19,8,4,12,0
"772",10,36,1,7,8,186,93,15,2,5,67,2,65,4,5,5,19,48,17,19,8,4,3,20,3,21,10,4,12,0
"773",7,40,1,1,1,166,68,15,4,5,66,4,64,2,4,2,18,50,9,20,5,2,1,22,2,32,9,4,12,0
"774",9,33,2,1,1,160,74,15,5,1,71,2,72,2,5,3,14,84,2,19,9,0,3,19,1,28,9,4,9,0
"775",7,49,1,7,8,176,72,19,4,7,94,2,67.737869,2,12,9,15,32,5,17,7,0,1,20,2,21,8,1,9,0
"776",7,39,2,5,4,160,68,18,5,3,83,2,81,2,5,3,15,15,1,15,5,0,2,33,2,33,10,2,9,0
"777",3,32,2,5,4,154,57,16,5,3,59,2,53,2,7,3,15,48,1,23,2,1,2,18,4,19,6,3,9,0
"778",8,25,1,1,1,180,76,15,1,7,51,4,49,6,4,3,16.588694,36,0,14,10,1,3,21.55405,2.6724489,22.825521,8,4,14,0
"779",7,33,1,1,1,180,110,25,3,4,55,11,54,11,3,1,27,40,2,14,2,1,1,26,2,26,7,2,17,0
"780",9,37,2,1,1,165,71,11,3,4,65,6,63,2,5,1,24,54,11,25,5,1,2,28,3,29,7,4,16,0
"781",8,26,1,5,4,171,80,15,2,2,45,2,46,3,3,2,16,40,4,13,7,1,7,21.55405,2.6724489,22.825521,7,4,9,0
"782",10,35,2,1,1,170,65,1,3,2,71.321976,2,57,2,1,1,25,8,3,23,4,1,1,26,3,26,7,4,18,0
"783",5,25,1,4,4,168,70,32,5,5,71.321976,4,67.737869,4,5,4,12,60,8,18,3,0,1,21.55405,2.6724489,22.825521,8,2,6,0
"784",5,32,2,1,1,158,65,22,5,4,58,2,55,2,10,5,15,40,10,14,3,0,2,23,2,24,6,4,9,0
"785",10,50,1,1,1,175,85,14,2,4,85,11,84,8,3,1,34,60,16,34,4,1,1,36,1,36,6,3,20,0
"786",6,59,1,11,8,159,75,26,2,6,79,2,68,2,9,4,16.588694,60,25,21,4,3,1,25,4,26,8,1,6,0
"787",8,34,2,5,8,160,57,14,5,6,58,4,62,4,2,2,25,30,2,23,6,1,1,21.55405,2.6724489,22.825521,8,3,16,0
"788",7,52,1,7,1,163,65,14,3,4,79,2,71,2,9,2,16.588694,45,22,25,3,1,1,21.55405,2.6724489,22.825521,6,3,17,0
"789",2,45,2,7,8,150,85,14,1,3,70,98,67,98,8,4,15,86,29,18,3,0,3,25,2,26,8,3,6,0
"790",10,40,1,1,1,180,108,6,4,3,67,11,65,11,3,3,28,40,17,14,5,3,3,22,3,23,5,3,17,0
"791",4,25,1,5,4,165,76,9,4,4,44,2,40,2,4,1,14,25,9,16,3,0,1,18,1,25,6,3,6,0
"792",10,55,2,1,1,163,58,11,3,6,71.321976,4,67.737869,2,5,5,17,8,22,28,5,1,2,25,3,25,8,4,9,0
"793",4,33,1,7,8,170,82,8,5,3,69,2,54,2,5,3,10,48,5,22,4,1,1,18,2.6724489,22.825521,8,1,3,0
"794",4,25,1,5,4,158,90,4,4,3,61,11,47,98,5,3,12,150,4,12,1,0,1,16,2,16,6,5,6,0
"795",10,27,2,1,1,156,67,17,4,5,71.321976,11,60,3,3,3,21,40,4,18,5,1,3,21.55405,2.6724489,22.825521,8,4,15,0
"796",7,31,1,2,2,172,64,22,1,4,56,6,53,6,3,2,28,24,6,18,4,4,6,21.55405,2.6724489,22.825521,8,4,12,0
"797",9,35,2,2,2,168,63,8,2,5,52,6,54,11,3,1,25,36,9,19,6,2,2,30,2,26,10,1,18,0
"798",2,45,2,7,8,150,85,14,1,3,70,98,67,98,8,4,15,86,29,18,3,0,3,25,2,26,8,3,6,0
"799",10,35,1,8,1,182,98,14,2,4,61,4,59,2,4,1,29,40,7,18,4,1,2,31,1,32,6,3,17,0
"800",7,47,1,8,8,174,100,7,3,6,76,2,74,2,5,5,25,86,9,28,5,0,2,28,2,31,8,5,12,0
"801",8,37,1,8,8,172,90,28,2,2,64,4,62,2,3,1,19,50,0,13,5,1,3,28,2.6724489,22.825521,7,1,9,0
"802",10,28,2,7,4,160,60,15,2,3,51,6,48,6,2,1,25,40,3,24,4,1,1,21.55405,1,24,9,4,16,0
"803",8,35,1,8,8,165,80,4,3,2,69,2,62,2,5,2,20,46,2,17,5,0,2,20,2,26,6,5,18,0
"804",4,30,1,5,4,160,75,5,5,3,71.321976,98,63,98,5,5,12,50,10,14,4,1,1,20,1,22,5,1,6,0
"805",4,46,1,1,1,167,84,20,5,3,67,2,62,2,13,1,12,50,29,17,3,0,1,38,2,39,6,5,9,1
"806",2,42,1,2,2,172,84,26,2,5,71.321976,2,67,2,3,2,18,40,22,25,5,0,1,21.55405,2.6724489,22.825521,7,1,12,0
"807",5,29,2,5,4,156,50,16,5,3,45,3,46,4,4,1,16,42,10,20,4,1,1,20,1,21,7,3,10,0
"808",7,27,2,1,1,163,95,28,3,4,60,3,50,3,3,2,25,40,3,17,4,1,2,21.55405,2.6724489,22.825521,8,1,16,0
"809",8,26,1,1,1,170,78,25,4,7,66,6,54,8,3,1,16.588694,48,4,19,5,2,1,21.55405,2.6724489,22.825521,5,2,15,1
"810",7,27,2,7,8,176,77,9,2,6,61,6,67.737869,6,3,2,24,15,5,19,3,0,2,21.55405,2.6724489,22.825521,8,4,18,0
"811",1,28,2,5,4,164,84,8,1,2,54,2,56,2,4,3,16,24,3,16,3,0,2,14,4,13,7,1,9,0
"812",10,46,1,8,8,178,83,24,3,3,72,2,70,2,3,1,18,70,25,22,4,1,1,26,3,27,8,3,12,0
"813",7,51,1,1,1,165,65,9,2,13,78,4,78,2,11,5,23,40,15,17,7,1,2,23,3,26,8,4,15,0
"814",3,30,1,1,1,156,65,5,4,2,48,2,46,2,4,2,15,48,5,20,2,0,1,22,1,21,8,1,9,0
"815",5,35,1,1,1,170,92,31,3,1,77,2,70,2,2,2,24,48,3,18,2,0,1,22,4,22,8,5,11,1
"816",5,49,2,1,1,145,65,28,3,2,64,2,66,2,3,2,18,48,16,22,3,0,2,21.55405,1,23,7,1,12,0
"817",1,45,1,6,4,187,82,16,4,9,76,2,64,2,10,2,37,48,37,8,2,1,1,23,4,23,6,3,6,0
"818",1,43,1,4,4,165,100,30,3,1,69,2,67,2,7,4,14,30,25,25,1,0,1,30,2,32,6,5,8,0
"819",10,47,1,1,1,172,68,9,1,4,75,6,80,9,5,4,43,40,1,16,5,1,2,20,1,24,8,4,15,0
"820",9,26,1,1,1,172,85,13,5,4,71.321976,11,47,8,1,1,21,48,6,21,5,1,2,21.55405,2.6724489,22.825521,6,4,11,0
"821",10,28,1,1,1,178,81,12,5,4,55,11,51,11,3,1,24,15,1,19,6,7,5,21.55405,2.6724489,22.825521,8,5,16,0
"822",8,29,1,5,4,174,79,29,3,6,43,2,43,6,8,4,13,70,14,10,8,0,1,19,2,15,8,4,6,0
"823",8,30,2,1,1,165,74,3,5,3,52,2,50,2,3,2,18,54,6,19,4,2,2,23,1,25,8,2,12,1
"824",9,48,1,1,1,177,98,8,3,4,70,4,64,4,4,2,15,50,10,18,4,1,1,22,3,25,6,1,9,0
"825",7,44,2,1,1,155,45,15,3,4,77,2,72,2,3,3,18,48,6,19,4,0,3,34,1,35,8,4,9,0
"826",6,32,1,5,4,168,88,13,5,6,65,4,61,2,4,4,18,48,10,18,4,1,1,24,2,26,5,4,12,0
"827",9,39,1,1,1,175,80,1,3,4,60,2,61,2,4,2,19,45,7,19,4,1,1,25,2,25,8,3,12,0
"828",8,47,1,7,1,169,113,30,4,5,72,11,69,11,1,1,25,25,5,26,6,1,2,26,2.6724489,22.825521,8,5,17,1
"829",8,29,1,5,8,175,106,16,2,3,49,11,51,11,2,1,22,45,3,19,3,0,2,26,2.6724489,22.825521,6,3,16,0
"830",9,49,2,1,1,159,83,14,5,6,97,2,84,2,7,7,33,20,7,16,2,1,2,37,1,30,8,3,18,0
"831",7,38,1,1,1,182,90,8,2,4,78,98,59,2,2,1,16,45,13,18,3,1,2,18,4,19,7,1,9,0
"832",6,37,2,1,1,158,70,22,4,4,61,8,62,7,3,1,25,48,1,19,4,0,2,29,2,29,8,4,14,0
"833",10,28,1,1,1,162,90,5,2,5,79,2,67.737869,4,8,8,17,48,3,18,4,1,2,25,2.6724489,22.825521,7,1,9,0
"834",4,49,2,1,1,155,60,9,2,3,71.321976,2,65,2,9,1,11,80,8,15,5,0,3,17,4,18,8,4,6,0
"835",6,31,1,1,8,177,65,25,3,3,54,11,55,3,1,1,18,48,2,18,4,1,2,21.55405,2.6724489,22.825521,10,2,12,0
"836",5,26,1,1,1,170,90,26,3,6,49,3,52,2,8,5,15,25,4,16,3,0,2,15,1,17,8,1,9,0
"837",7,52,2,5,4,155,60,9,2,4,75,2,78,2,4,2,20,60,8,8,7,0,1,23,2,26,4,3,15,0
"838",6,39,1,7,8,166,71,20,4,5,79,2,70,2,3,3,16.588694,90,16,21,9,1,4,21.55405,2.6724489,22.825521,2,5,18,1
"839",10,29,1,7,1,177,80,9,1,7,56,6,52,6,4,2,24,40,4,25,7,2,1,21,1,24,7,4,16,0
"840",8,29,2,1,1,155,72,15,1,6,55,3,55,4,5,1,16,45,7,21,3,1,1,21,2.6724489,22.825521,8,4,9,0
"841",8,63,1,1,1,180,96,26,3,3,85,2,80,2,4,1,18,30,2,18,3,1,1,18,2,46,6,1,12,1
"842",6,31,2,7,8,155,52,1,1,4,60,11,59,11,3,2,15,40,0,18,4,1,2,23,2.6724489,22.825521,10,3,10,0
"843",3,45,1,2,2,175,85,15,3,2,67,2,67,2,3,1,19,72,20,19,3,0,1,32,2,33,6,4,12,0
"844",9,25,1,1,1,175,77,9,3,5,57,6,55,6,2,1,20,40,2,20,6,1,4,21.55405,2.6724489,22.825521,8,4,11,0
"845",6,33,1,1,1,176,89,14,2,3,56,2,54,2,3,1,16,40,2,18,3,0,1,28,1,28,8,3,12,0
"846",5,30,1,1,1,183,98,24,4,3,47,4,47,4,6,1,16,48,0,17,4,0,2,16,2,17,6,4,9,0
"847",9,30,1,1,1,176,80,15,5,5,53,6,52,10,2,1,22,40,7,20,4,0,1,18,2,23,7,4,15,0
"848",7,63,1,8,8,160,65,18,3,2,80,2,83,2,9,1,15,24,47,18,3,0,1,21.55405,2.6724489,22.825521,6,2,9,0
"849",7,39,2,4,4,161,55,9,2,3,62,2,65,2,4,2,34,24,9,15,3,0,3,21.55405,2.6724489,22.825521,6,4,18,0
"850",10,28,1,1,1,170,77,9,1,5,53,4,51,4,2,2,19,50,7,21,5,1,1,20,1,23,7,4,12,0
"851",2,44,1,7,8,160,70,30,5,1,81,2,76,2,8,7,16.588694,10,10,18,2,0,1,23,2,25,7,5,9,0
"852",10,26,1,8,8,170,65,15,1,3,55,2,53,2,4,4,26,48,2,17,3,0,4,22,2.6724489,22.825521,6,4,11,0
"853",8,40,1,2,2,168,78,26,2,4,71.321976,4,68,4,3,2,24,48,17,19,5,1,1,26,2,28,6,1,17,0
"854",8,32,2,8,8,147,54,9,2,4,61,6,60,6,2,1,18,60,18,18,4,1,2,21.55405,2.6724489,22.825521,8,4,12,0
"855",4,35,1,2,2,167,65,20,5,5,71.321976,2,67.737869,2,4,2,22,40,4,34,3,1,1,21.55405,2.6724489,22.825521,7,1,14,0
"856",4,45,2,1,1,155,75,5,4,6,71.321976,2,67.737869,2,6,6,18,45,4,20,4,0,3,18,2,18,8,1,13,0
"857",1,35,1,8,8,160,70,5,3,3,66,2,63,2,3,3,15,50,20,17,4,0,2,20,4,20,4,1,9,0
"858",3,50,1,1,1,176,88,13,5,3,80,2,75,2,4,2,20,6,7,20,6,0,2,20,3,21,8,4,9,0
"859",8,47,1,1,1,167,74,27,5,3,71,2,71,2,3,2,18,72,20,19,4,1,3,20,1,25,7,5,12,0
"860",7,29,2,7,1,154,60,25,2,6,56,2,50,5,2,1,18,10,1,17,6,1,2,20,3,21,8,2,12,0
"861",9,34,1,5,1,170,70,30,3,4,65,4,56,2,3,2,14,48,17,18,4,2,2,15,2,15,6,1,9,0
"862",10,38,2,7,1,165,58,15,2,5,67,6,61,6,3,2,23,40,13,24,4,2,2,26,1,29,8,4,17,0
"863",7,25,1,5,4,180,80,26,2,4,48,3,49,3,1,1,16.588694,30,3,21,4,0,2,21.55405,2.6724489,22.825521,8,1,14,0
"864",7,46,2,1,1,162,70,8,1,4,68,4,74,2,4,2,20,48,10,36,5,2,2,23,2.6724489,22.825521,8,1,9,0
"865",10,28,1,7,6,172,75,8,2,7,67,4,50,4,3,2,24,78,5,15,6,2,1,20,1,23,8,1,17,0
"866",10,47,2,1,1,167,70,28,4,5,72,8,69,8,3,1,22,45,21,25,4,1,1,21.55405,2,29,7,1,17,0
"867",6,35,2,11,8,160,90,15,3,5,80,2,60,5,9,4,18,60,6,18,4,0,1,21.55405,2,28,8,4,9,0
"868",5,25,1,4,4,175,70,30,4,3,60,2,55,2,4,4,17,48,2,10,6,0,1,21.55405,2.6724489,22.825521,6,5,12,0
"869",1,43,1,4,4,165,100,30,3,1,69,2,67,2,7,4,14,30,25,25,1,0,1,30,2,32,6,5,8,0
"870",5,26,2,1,1,165,65,8,2,5,50,4,45,4,4,3,18,48,4,21,4,1,2,21,1,21,7,1,11,0
"871",5,25,2,5,4,165,65,7,4,3,43,2,43,2,4,2,17,45,19,17,2,0,1,16,2,18,7,5,9,0
"872",7,31,1,1,1,176,79,9,1,5,60,4,60,5,2,2,18,50,8,19,4,1,1,19,2,20,8,4,12,0
"873",6,27,1,8,8,172,76,16,2,10,65,11,50,2,4,1,26,50,4,15,7,1,1,16,3,16,6,3,12,0
"874",2,52,1,5,4,155,60,28,5,2,68,2,64,2,8,5,16,56,0,12,3,0,1,28,2,31,7,1,8,0
"875",4,25,1,1,1,170,81,30,2,3,76,4,71,4,2,2,18,48,2,18,1,0,1,21.55405,2.6724489,22.825521,10,5,12,0
"876",8,26,1,5,4,171,80,15,2,2,45,2,46,3,3,2,16,40,4,13,7,1,7,21.55405,2.6724489,22.825521,7,4,9,0
"877",1,32,1,5,8,150,60,30,5,6,65,2,65,2,4,4,17,10,10,18,1,0,1,20,3,23,8,5,9,0
"878",1,27,1,8,1,166,60,30,5,4,57,4,47,2,3,1,17,55,7,18,1,1,1,23,1,25,6,5,12,0
"879",2,34,1,4,4,178,65,16,4,5,70,2,70,2,11,7,13,48,0,14,1,0,1,22,2.6724489,22.825521,8,3,6,0
"880",5,37,1,8,8,170,86,229,3,4,66,4,73,2,6,4,17,72,1,16,3,0,1,20,2,23,5,5,12,0
"881",6,41,2,8,1,160,89,5,3,5,72,2,61,11,1,1,16,66,9,19,6,1,2,16,2,16,9,1,12,0
"882",5,31,1,5,4,172,80,21,1,3,56,6,54,4,2,2,18,6,0,18,5,0,2,20,1,20,6,4,12,0
"883",1,32,2,7,4,150,65,9,3,3,72,2,55,4,4,2,11,10,1,12,2,0,1,24,2,29,7,4,6,0
"884",3,27,2,1,1,157,52,30,3,3,57,2,50,2,4,2,16,40,4,18,2,0,2,21.55405,1,24,8,1,9,0
"885",10,50,2,7,8,175,73,16,4,4,83,2,81,2,8,3,18,48,19,31,5,3,3,19,3,20,10,3,12,0
"886",7,25,1,1,1,162,75,19,5,3,46,2,48,2,3,3,18,48,1,20,3,1,1,22,2.6724489,22.825521,8,1,12,1
"887",5,50,2,1,5,165,70,11,2,5,71.321976,2,72,2,4,1,15,8,7,18,5,1,2,18,2,18,7,4,9,0
"888",10,27,1,8,8,169,75,9,1,5,54,4,55,6,3,2,19,50,7,20,5,2,1,20,1,23,6,4,12,0
"889",10,27,2,10,7,160,58,8,3,5,58,2,56,4,4,3,18,48,5,22,5,2,2,18,2,18,8,1,12,0
"890",9,32,1,1,1,176,78,10,5,4,56,4,49,4,4,2,13,72,4,12,6,3,6,21.55405,1,25,4,4,9,0
"891",9,25,1,8,8,170,80,16,3,4,79,4,45,4,2,1,18,50,3,19,5,1,3,21.55405,2.6724489,22.825521,7,3,12,0
"892",10,30,1,1,1,182,86,8,3,3,70,2,70,2,6,6,19,40,7,19,3,1,1,19,2,20,9,1,12,0
"893",2,44,2,4,8,150,55,29,3,4,64,4,63,2,4,1,12,44,2,42,5,0,1,19,2,20,8,4,9,0
"894",7,40,2,8,8,150,58,15,2,3,65,4,60,2,4,2,14,35,1,39,5,0,2,19,4,19,9,4,9,0
"895",8,44,1,8,4,175,64,25,4,3,68,2,66,2,4,2,16.588694,48,1,18,4,1,1,17,1,25,7,1,12,0
"896",10,29,1,5,4,182,95,15,1,6,59,2,55,4,4,2,16,65,10,19,6,1,1,20,2,21,8,4,9,0
"897",4,35,1,4,1,165,75,21,4,2,70,2,64,2,4,1,18,56,7,18,4,0,2,18,4,19,4,4,12,0
"898",10,26,2,7,8,150,70,21,3,6,48,4,46,11,4,1,21,40,7,15,7,1,3,20,1,21,8,4,16,0
"899",10,42,2,1,1,163,80,9,3,10,72,4,72,2,4,3,16.588694,60,26,17,10,0,3,21.55405,1,34,7,4,18,0
"900",9,27,1,7,8,169,75,25,5,2,61,2,61,2,3,2,18,48,5,22,4,1,1,22,1,23,5,2,12,0
"901",3,27,2,5,4,155,50,8,1,3,51,4,46,4,5,3,22,48,1,22,3,0,2,21,1,22,7,1,15,0
"902",7,52,1,8,8,152,42,20,4,6,70,4,69,2,8,4,35,50,6,12,6,1,1,20,2.6724489,22.825521,3,5,18,0
"903",8,35,2,1,1,159,67,22,3,4,60,3,57,98,3,3,22,40,2,15,4,1,2,26,1,29,8,4,16,0
"904",9,34,1,5,1,185,82,26,2,2,74,2,73,2,6,5,15,56,11,20,3,1,2,21,2,22,9,1,9,0
"905",9,25,1,8,8,170,64,31,2,4,60,4,50,6,4,3,21,65,0,16,7,1,3,21.55405,2.6724489,22.825521,7,5,14,0
"906",10,36,1,7,8,164,60,15,4,3,54,4,52,6,4,2,25,50,10,26,6,2,3,25,2.6724489,22.825521,8,4,17,0
"907",7,41,1,7,1,167,72,6,3,3,81,2,79,2,15,14,18,48,17,16,3,1,3,24,3,16,7,3,12,0
"908",7,34,2,7,8,158,70,9,2,5,60,4,57,6,4,3,19,60,0,19,6,1,2,21,1,21,8,4,12,0
"909",5,47,1,1,1,155,68,25,4,5,71.321976,98,67.737869,98,8,6,15,50,11,15,3,0,1,27,3,28,7,1,9,0
"910",8,42,1,1,1,160,80,27,5,7,70,2,65,2,4,3,18,60,17,18,5,0,1,19,2,19,7,5,12,0
"911",2,29,2,8,8,155,47,22,3,2,82,2,61,2,4,3,28,16,1,15,2,0,4,21.55405,2.6724489,22.825521,7,4,16,0
"912",4,25,1,8,8,160,65,14,4,2,63,2,61,2,7,6,13,50,4,17,6,0,2,21.55405,2.6724489,22.825521,6,3,9,0
"913",10,38,1,7,1,165,74,30,2,4,67,6,65,3,3,3,25,30,13,16,6,1,2,24,1,36,9,5,16,0
"914",5,36,2,5,4,158,68,11,3,2,68,2,65,2,1,1,15,7,15,21,3,1,1,21.55405,2.6724489,22.825521,7,4,9,0
"915",3,35,2,5,8,160,60,14,5,3,55,2,55,7,4,2,11,60,5,17,3,0,1,25,2.6724489,22.825521,6,3,9,0
"916",3,40,1,1,1,170,80,9,1,4,66,2,65,2,3,2,17,48,14,18,3,0,1,20,2,20,7,4,9,0
"917",2,50,1,1,1,173,85,28,3,4,72,2,65,2,3,1,18,54,20,15,4,1,1,23,2,33,7,1,15,0
"918",5,39,1,1,1,175,85,8,2,3,64,2,63,2,3,2,18,48,19,20,3,1,2,24,2.6724489,22.825521,8,1,12,0
"919",10,33,1,8,8,165,63,16,5,3,76,2,75,9,6,6,18,60,3,19,7,1,2,26,2,28,6,3,12,0
"920",9,41,2,1,1,157,65,9,3,5,79,2,79,6,2,2,21,60,4,18,4,1,2,22,1,21,8,4,12,0
"921",1,38,1,1,1,178,75,25,2,6,71.321976,11,67.737869,11,3,2,17,70,10,17,4,0,1,21.55405,1,27,8,2,9,0
"922",10,51,1,1,1,169,82,27,2,5,76,2,72,2,4,2,13,35,9,15,5,0,2,26,2,30,5,5,9,0
"923",4,25,2,7,4,160,60,22,5,2,46,4,45,2,4,2,15,30,7,18,3,0,2,21.55405,1,20,8,4,9,0
"924",9,25,1,1,1,175,77,9,3,5,57,6,55,6,2,1,20,40,2,20,6,1,4,21.55405,2.6724489,22.825521,8,4,11,0
"925",6,40,1,1,1,171,80,16,5,5,80,4,70,4,2,1,16,48,2,16,5,0,3,21.55405,2.6724489,22.825521,6,3,9,0
"926",6,32,2,5,4,155,61,9,2,2,54,2,51,2,4,1,14,48,16,19,3,1,2,15,2,17,7,4,8,0
"927",10,29,1,1,1,168,68,11,3,4,50,4,50,4,1,1,18,8,10,19,5,1,1,21.55405,2.6724489,22.825521,8,4,12,1
"928",7,36,1,5,4,161,65,14,4,3,63,2,64,2,7,7,16.588694,40,4,18,3,1,1,21.55405,2.6724489,22.825521,7,3,12,0
"929",10,31,1,1,1,176,90,25,2,3,52,6,50,4,3,2,24,50,8,19,6,2,2,25,1,30,10,1,17,0
"930",10,41,1,7,8,170,85,28,3,4,78,11,76,11,2,2,25,40,4,18,4,2,1,32,2.6724489,22.825521,8,1,15,0
"931",1,47,1,5,4,155,65,31,5,1,97,1,85,1,7,4,15,30,30,17,4,0,1,20,2,21,5,5,9,1
"932",8,45,2,8,1,165,98,5,5,4,69,2,77,2,4,1,15,40,2,15,4,1,2,17,1,18,8,1,9,0
"933",1,52,2,8,8,154,72,20,5,3,81,4,79,6,5,2,16,48,2,20,3,0,2,24,1,25,6,3,9,1
"934",5,25,1,1,1,170,60,19,1,5,55,9,53,2,2,2,16,45,17,16,4,0,3,21.55405,2.6724489,22.825521,7,1,12,0
"935",6,44,2,7,8,158,63,15,1,6,67,2,69,2,7,4,18,90,13,6,6,1,3,20,4,20,8,4,15,0
"936",1,35,1,7,4,150,70,9,2,5,56,2,54,2,5,3,18,50,12,20,3,0,1,20,2,21,7,4,9,0
"937",4,30,1,5,4,160,75,5,5,3,71.321976,98,63,98,5,5,12,50,10,14,4,1,1,20,1,22,5,1,6,0
"938",8,27,2,7,8,153,87,30,5,1,56,5,51,2,3,2,23,15,3,20,4,0,5,21.55405,2.6724489,22.825521,7,4,12,0
"939",5,25,1,1,1,170,60,19,1,5,55,9,53,2,2,2,16,45,17,16,4,0,3,21.55405,2.6724489,22.825521,7,1,12,0
"940",8,26,1,1,1,168,98,9,4,4,50,11,50,6,3,2,18,48,3,18,4,1,3,21.55405,2.6724489,22.825521,6,4,9,0
"941",5,58,1,2,1,170,90,28,3,3,71.321976,2,85,2,3,1,28,40,12,25,4,1,1,35,2,37,6,1,16,0
"942",1,26,1,7,8,170,70,21,5,5,61,2,67.737869,2,7,7,19,40,6,14,5,1,3,21,2,23,6,4,12,0
"943",4,56,2,1,1,156,58,30,5,4,86,2,84,2,7,4,16,48,4,27,4,0,2,25,2,25,8,4,6,0
"944",8,45,2,4,8,165,67,14,2,4,78,2,75,2,11,7,13,25,31,14,4,1,1,18,4,20,6,3,6,0
"945",6,30,2,8,8,168,65,14,2,3,60,2,48,4,2,1,18,8,7,18,3,1,1,21.55405,2,18,7,3,12,0
"946",7,34,2,1,1,166,66,19,1,2,64,3,64,2,3,3,15,8,3,18,5,1,2,22,3,22,7,1,9,0
"947",7,25,1,1,1,162,75,19,5,3,46,2,48,2,3,3,18,48,1,20,3,1,1,22,2.6724489,22.825521,8,1,12,1
"948",10,25,2,1,1,165,75,2,2,5,50,6,48,6,2,2,18,48,5,21,4,1,1,21.55405,1,20,7,1,12,0
"949",6,41,1,1,1,180,90,9,4,2,66,2,68,4,4,2,17,48,4,19,6,0,1,20,2,27,4,4,12,0
"950",9,36,1,8,8,170,80,19,2,5,66,2,67,2,7,6,15,60,21,15,6,1,1,22,3,22,6,1,9,0
"951",6,26,1,8,8,175,72,9,1,5,50,4,47,4,2,1,16,40,5,17,5,0,2,21.55405,1,22,6,4,9,0
"952",8,40,1,7,3,165,78,30,3,2,60,4,58,4,1,1,28,48,20,20,5,1,2,27,2,28,9,5,17,0
"953",1,28,1,5,8,168,65,30,5,1,40,2,59,2,3,3,17,8,14,14,3,0,2,21.55405,2.6724489,22.825521,8,5,12,0
"954",6,57,2,1,8,169,70,25,5,1,78,98,80,98,8,1,32,20,2,15,4,0,2,18,3,18,8,2,9,0
"955",4,35,1,2,2,167,65,20,5,5,71.321976,2,67.737869,2,4,2,22,40,4,34,3,1,1,21.55405,2.6724489,22.825521,7,1,14,0
"956",8,48,1,1,1,163,82,19,3,3,75,2,68,2,7,3,20,48,32,25,3,1,1,18,2,20,8,1,9,0
"957",1,28,1,5,4,170,78,15,4,4,54,5,50,4,2,1,23,40,3,18,2,0,2,20,1,27,7,4,15,0
"958",3,50,1,8,8,183,80,9,2,2,71.321976,2,75,2,5,2,18,48,11,10,2,0,2,20,4,22,5,5,12,0
"959",4,44,1,5,4,170,89,31,4,3,80,2,77,2,8,2,18,2,3,25,3,0,3,21.55405,2.6724489,22.825521,7,5,9,0
"960",10,38,2,7,1,165,58,15,2,5,67,6,61,6,3,2,23,40,13,24,4,2,2,26,1,29,8,4,17,0
"961",4,35,1,4,1,165,75,21,4,2,70,2,64,2,4,1,18,56,7,18,4,0,2,18,4,19,4,4,12,0
"962",7,30,2,1,1,160,110,5,5,5,53,4,54,4,3,2,17,48,4,16,5,2,2,21.55405,2.6724489,22.825521,2,1,12,0
"963",9,32,1,1,1,168,75,9,1,5,55,4,53,4,2,1,19,45,12,20,5,1,2,20,2,24,5,4,12,0
"964",4,50,1,1,1,185,90,28,4,2,90,2,85,2,5,2,18,40,31,18,4,0,1,25,2.6724489,22.825521,6,1,11,0
"965",7,35,2,8,8,160,60,15,4,4,60,4,61,5,3,2,18,60,0,23,4,0,3,18,2,19,8,4,9,0
"966",9,35,1,1,1,182,71,25,3,4,74,2,70,2,4,4,27,50,9,28,6,1,2,25,2,27,7,2,17,0
"967",5,31,1,2,7,172,70,15,5,5,59,4,58,4,9,5,18,35,18,18,5,0,1,22,2,22,7,4,12,0
"968",10,36,1,7,8,172,70,22,3,5,61,5,58,5,2,2,23,40,7,15,5,1,1,21.55405,2.6724489,22.825521,5,4,17,0
"969",10,38,1,7,1,165,74,30,2,4,67,6,65,3,3,3,25,30,13,16,6,1,2,24,1,36,9,5,16,0
"970",7,54,2,8,98,165,70,11,2,6,86,98,67.737869,2,6,6,14,4,27,24,9,1,2,21.55405,2.6724489,22.825521,8,4,9,0
"971",7,50,1,2,2,150,52,12,3,3,70,4,50,2,5,2,18,40,12,18,1,0,1,28,2,37,8,5,12,0
"972",10,27,1,1,1,170,76,11,3,3,51,4,54,3,2,1,18,8,4,18,4,1,1,21.55405,2.6724489,22.825521,10,4,12,0
"973",8,40,1,7,3,165,78,30,3,2,60,4,58,4,1,1,28,48,20,20,5,1,2,27,2,28,9,5,17,0
"974",6,64,1,5,4,170,80,9,4,4,83,2,67.737869,2,4,3,18,20,23,21,4,0,1,24,2,28,6,4,9,0
"975",5,42,2,1,1,157,82,24,4,5,70,4,63,4,1,1,20,10,10,20,5,0,2,19,1,20,8,3,12,0
"976",2,33,1,1,1,169,77,15,2,4,67,4,52,4,4,1,17,50,17,17,4,0,1,21.55405,2.6724489,22.825521,7,4,9,0
"977",5,32,1,1,1,168,71,10,2,5,65,4,62,2,4,2,15,55,18,14,4,0,2,18,2,19,8,2,9,0
"978",9,39,1,1,1,180,82,26,4,5,67,4,67,4,3,3,16,48,1,17,3,4,3,19,3,19,11,1,10,0
"979",10,44,1,7,2,164,64,16,5,6,65,11,61,7,5,1,44,55,27,18,5,1,4,23,4,24,4,3,12,1
"980",6,48,2,7,4,169,66,30,5,5,92,2,72,2,10,5,18,40,5,14,6,0,1,21.55405,2.6724489,22.825521,7,5,12,0
"981",10,38,2,1,1,158,59,7,3,4,50,2,50,2,5,2,18,56,9,16,7,1,1,18,3,20,7,2,12,1
"982",10,42,2,1,1,170,88,11,3,5,76,2,67.737869,2,3,2,16,8,17,25,5,1,2,20,1,25,8,4,9,0
"983",10,35,2,1,1,160,65,8,2,5,62,9,60,9,3,2,18,40,6,18,6,3,4,24,2.6724489,22.825521,10,1,12,0
"984",8,27,1,1,1,165,82,9,2,2,50,2,57,5,2,1,26,126,3,13,5,0,4,23,1,25,4,4,17,0
"985",3,33,1,4,4,160,70,7,5,3,67,2,55,2,3,3,16,48,15,12,2,0,1,16,4,17,9,5,9,0
"986",3,42,2,4,4,145,72,29,3,4,77,2,63,2,6,3,15,16,2,18,5,0,1,18,3,18,8,4,9,0
"987",5,31,1,5,4,172,80,21,1,3,56,6,54,4,2,2,18,6,0,18,5,0,2,20,1,20,6,4,12,0
"988",9,35,1,1,1,168,73,9,2,4,53,3,53,3,3,1,18,50,10,18,4,0,1,21.55405,2.6724489,22.825521,5,4,12,0
"989",9,57,1,1,1,180,90,8,2,5,87,2,85,2,5,2,15,56,4,15,6,2,2,21,4,22,8,1,9,0
"990",9,25,1,1,1,178,78,12,2,4,60,6,60,6,5,5,16.588694,48,3,18,4,0,2,21.55405,2.6724489,22.825521,6,5,12,0
"991",9,33,1,7,1,174,93,14,1,5,57,4,53,4,3,1,19,40,13,19,3,1,1,28,2.6724489,22.825521,8,3,12,0
"992",2,40,1,1,1,180,85,15,4,3,82,2,80,2,2,2,17,60,14,17,3,0,1,21.55405,2.6724489,22.825521,7,4,9,1
"993",10,27,2,1,1,153,55,2,3,3,48,9,46,4,2,2,16.588694,24,0,26,5,1,2,21.55405,2.6724489,22.825521,8,1,14,0
"994",9,35,2,7,1,163,90,14,5,2,75,2,73,2,9,9,17,30,14,18,3,2,2,26,1,29,8,3,12,1
"995",10,29,1,1,1,165,73,10,2,8,58,2,56,10,2,1,24,40,1,24,5,3,1,21.55405,2.6724489,22.825521,8,2,16,0
"996",9,31,1,1,1,179,90,5,4,1,48,2,39,2,4,1,19,40,2,20,5,1,3,21.55405,2.6724489,22.825521,7,1,11,0
"997",7,27,1,1,1,180,85,17,4,4,58,4,55,2,5,4,15,48,0,15,4,1,2,21.55405,2.6724489,22.825521,7,4,9,0
"998",8,34,1,7,4,170,95,14,3,5,79,3,69,3,9,6,23,20,11,12,5,2,1,25,2,22,8,3,17,0
"999",10,52,1,1,1,175,80,14,1,3,71.321976,2,79,2,3,1,19,50,27,15,4,2,2,25,5,27,8,3,12,0
"1000",5,35,2,5,8,152,68,14,3,3,58,4,58,4,7,4,15,4,0,22,3,1,1,16,3,16,7,3,9,0
